cdk,district_name,state_name,creation_year,abolition_year,creation_type,start_year,end_year,predecessors,successors,hierarchy_level
WB_24parg_1961,24 - Parganas,West Bengal,1961.0,,Unknown,,,,,
WB_south2_1971,Twenty Four Parganas,West Bengal,1971.0,,Bifurcation,,,,,
WB_barddh_1951,Barddhaman,West Bengal,1951.0,,Original,,,,,
WB_paschi_2011,Pashchim Barddhaman,West Bengal,2011.0,,Bifurcation,,,,,
WB_purbab_2024,Purba Barddhaman,West Bengal,2024.0,,Bifurcation,,,,,
WB_kolkat_1951,Calcutta,West Bengal,1951.0,,Original,,,,,
WB_kochbi_1971,Cooch Behar,West Bengal,1971.0,,Unknown,,,,,
WB_darjil_1971,Darjeeling,West Bengal,1971.0,,Unknown,,,,,
WB_kalimp_2024,Kalimpong,West Bengal,2024.0,,Bifurcation,,,,,
WB_hooghl_1971,Hooghly,West Bengal,1971.0,,Unknown,,,,,
WB_hugli_1981,Hugli,West Bengal,1981.0,,Bifurcation,,,,,
WB_haora_1971,Howrah,West Bengal,1971.0,,Unknown,,,,,
WB_jalpai_2011,Jalpaiguri,West Bengal,2011.0,,Unknown,,,,,
WB_alipur_2024,Alipurduar,West Bengal,2024.0,,Bifurcation,,,,,
WB_malda_1971,Malda,West Bengal,1971.0,,Unknown,,,,,
WB_maldah_1981,Maldah,West Bengal,1981.0,,Bifurcation,,,,,
WB_medini_1951,Medinipur,West Bengal,1951.0,,Original,,,,,
WB_purbam_2011,Purba Medinipur,West Bengal,2011.0,,Bifurcation,,,,,
WB_jhargr_2024,Jhargram,West Bengal,2024.0,,Bifurcation,,,,,
WB_puruli_1971,Purulia,West Bengal,1971.0,,Unknown,,,,,
WB_northt_1991,North Twenty Four Parganas,West Bengal,1991.0,,Bifurcation,,,,,
WB_southt_1991,South Twenty Four Parganas,West Bengal,1991.0,,Bifurcation,,,,,
WB_dakshi_1991,West Dinajpur,West Bengal,1991.0,,Unknown,,,,,
WB_uttard_2001,Uttar Dinajpur,West Bengal,2001.0,,Bifurcation,,,,,
UK_almora_1951,Almora,Uttarakhand,1951.0,,Original,,,,,
UK_pithor_1961,Pithoragarh,Uttarakhand,1961.0,,Bifurcation,,,,,
UK_bagesh_2001,Bageshwar,Uttarakhand,2001.0,,Bifurcation,,,,,
UK_chamol_1961,Chamoli,Uttarakhand,1961.0,,Unknown,,,,,
UK_rudrap_2001,Rudraprayag,Uttarakhand,2001.0,,Bifurcation,,,,,
UK_dehrad_1991,Dehra Dun,Uttarakhand,1991.0,,Unknown,,,,,
UK_garhwa_1951,Garhwal,Uttarakhand,1951.0,,Original,,,,,
UK_nainit_1971,Naini Tal,Uttarakhand,1971.0,,Unknown,,,,,
UK_udhams_2001,Udham Singh Nagar,Uttarakhand,2001.0,,Bifurcation,,,,,
UK_champa_2001,Champawat,Uttarakhand,2001.0,,Bifurcation,,,,,
UK_sahara_1981,Saharanpur,Uttarakhand,1981.0,,Unknown,,,,,
UK_hardwa_1991,Hardwar,Uttarakhand,1991.0,,Bifurcation,,,,,
UK_tehri_1951,Tehri Garhwal,Uttarakhand,1951.0,,Original,,,,,
UK_uttark_1961,Uttar Kashi,Uttarakhand,1961.0,,Bifurcation,,,,,
UP_agra_1981,Agra,Uttar Pradesh,1981.0,,Unknown,,,,,
UP_firoza_1991,Firozabad,Uttar Pradesh,1991.0,,Bifurcation,,,,,
UP_aligar_1991,Aligarh,Uttar Pradesh,1991.0,,Unknown,,,,,
UP_hathra_2001,Hathras,Uttar Pradesh,2001.0,,Bifurcation,,,,,
UP_allaha_1951,Allahabad,Uttar Pradesh,1951.0,,Original,,,,,
UP_kausha_2001,Kaushambi,Uttar Pradesh,2001.0,,Bifurcation,,,,,
UP_prayag_2024,Prayagraj,Uttar Pradesh,2024.0,,Bifurcation,,,,,
UP_azamga_1981,Azamgarh,Uttar Pradesh,1981.0,,Unknown,,,,,
UP_mau_1991,Mau,Uttar Pradesh,1991.0,,Bifurcation,,,,,
UP_bahrai_1991,Bahraich,Uttar Pradesh,1991.0,,Unknown,,,,,
UP_shrawa_2001,Shrawasti,Uttar Pradesh,2001.0,,Bifurcation,,,,,
UP_varana_1951,Banares,Uttar Pradesh,1951.0,,Original,,,,,
UP_banda_1991,Banda,Uttar Pradesh,1991.0,,Unknown,,,,,
UP_chitra_2001,Chitrakoot,Uttar Pradesh,2001.0,,Bifurcation,,,,,
UP_baraba_1991,Bara Banki,Uttar Pradesh,1991.0,,Unknown,,,,,
UP_basti_1981,Basti,Uttar Pradesh,1981.0,,Unknown,,,,,
UP_siddha_1991,Siddharthnagar,Uttar Pradesh,1991.0,,Bifurcation,,,,,
UP_santka_2001,Sant Kabir Nagar,Uttar Pradesh,2001.0,,Bifurcation,,,,,
UP_budaun_2011,Budaun,Uttar Pradesh,2011.0,,Unknown,,,,,
UP_sambha_2024,Sambhal (Bhimnagar),Uttar Pradesh,2024.0,,Bifurcation,,,,,
UP_buland_1971,Bulandshahr,Uttar Pradesh,1971.0,,Unknown,,,,,
UP_ghazia_1981,Ghaziabad,Uttar Pradesh,1981.0,,Bifurcation,,,,,
UP_gautam_2001,Gautam Buddha Nagar,Uttar Pradesh,2001.0,,Bifurcation,,,,,
UP_deoria_1991,Deoria,Uttar Pradesh,1991.0,,Unknown,,,,,
UP_kushin_2001,Kushinagar,Uttar Pradesh,2001.0,,Bifurcation,,,,,
UP_etah_2001,Etah,Uttar Pradesh,2001.0,,Unknown,,,,,
UP_kanshi_2011,Kanshiram Nagar,Uttar Pradesh,2011.0,,Bifurcation,,,,,
UP_etawah_1991,Etawah,Uttar Pradesh,1991.0,,Unknown,,,,,
UP_auraiy_2001,Auraiya,Uttar Pradesh,2001.0,,Bifurcation,,,,,
UP_ayodhy_1991,Faizabad,Uttar Pradesh,1991.0,,Unknown,,,,,
UP_ambedk_2001,Ambedkar Nagar,Uttar Pradesh,2001.0,,Bifurcation,,,,,
UP_farruk_1991,Farrukhabad,Uttar Pradesh,1991.0,,Unknown,,,,,
UP_kannau_2001,Kannauj,Uttar Pradesh,2001.0,,Bifurcation,,,,,
UP_hapurp_2024,Hapur (Panchsheel Nagar),Uttar Pradesh,2024.0,,Bifurcation,,,,,
UP_gonda_1991,Gonda,Uttar Pradesh,1991.0,,Unknown,,,,,
UP_balram_2001,Balrampur,Uttar Pradesh,2001.0,,Bifurcation,,,,,
UP_gorakh_1981,Gorakhpur,Uttar Pradesh,1981.0,,Unknown,,,,,
UP_mahara_1991,Maharajganj,Uttar Pradesh,1991.0,,Bifurcation,,,,,
UP_hamirp_1991,Hamirpur,Uttar Pradesh,1991.0,,Unknown,,,,,
UP_mahoba_2001,Mahoba,Uttar Pradesh,2001.0,,Bifurcation,,,,,
UP_jhansi_1971,Jhansi,Uttar Pradesh,1971.0,,Unknown,,,,,
UP_lalitp_1981,Lalitpur,Uttar Pradesh,1981.0,,Bifurcation,,,,,
UP_amroha_2001,Jyotiba Phule Nagar,Uttar Pradesh,2001.0,,Unknown,,,,,
UP_kanpur_1951,Kanpur,Uttar Pradesh,1951.0,,Original,,,,,
UP_kasgan_2024,Kasganj,Uttar Pradesh,2024.0,,Bifurcation,,,,,
UP_mahraj_2011,Mahrajganj,Uttar Pradesh,2011.0,,Bifurcation,,,,,
UP_mainpu_1981,Mainpuri,Uttar Pradesh,1981.0,,Unknown,,,,,
UP_meerut_1951,Meerut,Uttar Pradesh,1951.0,,Original,,,,,
UP_baghpa_2001,Baghpat,Uttar Pradesh,2001.0,,Bifurcation,,,,,
UP_mirzap_1981,Mirzapur,Uttar Pradesh,1981.0,,Unknown,,,,,
UP_sonbha_1991,Sonbhadra,Uttar Pradesh,1991.0,,Bifurcation,,,,,
UP_morada_1991,Moradabad,Uttar Pradesh,1991.0,,Unknown,,,,,
UP_muzaff_2011,Muzaffarnagar,Uttar Pradesh,2011.0,,Unknown,,,,,
UP_shamli_2024,Shamli (Prabuddhanagar),Uttar Pradesh,2024.0,,Bifurcation,,,,,
UP_bhadoh_2001,Sant Ravidas Nagar,Uttar Pradesh,2001.0,,Unknown,,,,,
UP_sultan_2011,Sultanpur,Uttar Pradesh,2011.0,,Unknown,,,,,
UP_amethi_2024,Amethi,Uttar Pradesh,2024.0,,Bifurcation,,,,,
UP_chanda_2001,Chandauli,Uttar Pradesh,2001.0,,Bifurcation,,,,,
TR_northt_1971,North Tripura,Tripura,1971.0,,Unknown,,,,,
TR_dhalai_2001,Dhalai,Tripura,2001.0,,Bifurcation,,,,,
TR_unakot_2024,Unakoti,Tripura,2024.0,,Bifurcation,,,,,
TR_southt_1971,South Tripura,Tripura,1971.0,,Unknown,,,,,
TR_gomati_2024,Gomati,Tripura,2024.0,,Bifurcation,,,,,
TR_tripur_1951,Tripura,Tripura,1951.0,,Original,,,,,
TR_westtr_1971,West Tripura,Tripura,1971.0,,Bifurcation,,,,,
TR_khowai_2024,Khowai,Tripura,2024.0,,Bifurcation,,,,,
TR_sipahi_2024,Sipahijala,Tripura,2024.0,,Bifurcation,,,,,
TG_adilab_2011,Adilabad,Telangana,2011.0,,Unknown,,,,,
TG_kumura_2024,Kumuram Bheem,Telangana,2024.0,,Bifurcation,,,,,
TG_manche_2024,Mancherial,Telangana,2024.0,,Bifurcation,,,,,
TG_nirmal_2024,Nirmal,Telangana,2024.0,,Bifurcation,,,,,
TG_hydera_1971,Hyderabad,Telangana,1971.0,,Unknown,,,,,
TG_rangar_1981,Rangareddi,Telangana,1981.0,,Bifurcation,,,,,
TG_karimn_2011,Karimnagar,Telangana,2011.0,,Unknown,,,,,
TG_jagtia_2024,Jagtial,Telangana,2024.0,,Bifurcation,,,,,
TG_peddap_2024,Peddapalli,Telangana,2024.0,,Bifurcation,,,,,
TG_rajann_2024,Rajanna Sircilla,Telangana,2024.0,,Bifurcation,,,,,
TG_jayash_2024,Jayashankar Bhupalpally,Telangana,2024.0,,Bifurcation,,,,,
TG_siddip_2024,Siddipet,Telangana,2024.0,,Bifurcation,,,,,
TG_khamma_1961,Khammam,Telangana,1961.0,,Unknown,,,,,
TG_mulugu_2024,Mulugu,Telangana,2024.0,,Bifurcation,,,,,
TG_bhadra_2024,Bhadradri Kothagudem,Telangana,2024.0,,Bifurcation,,,,,
TG_mahabu_2024,Mahabubabad,Telangana,2024.0,,Bifurcation,,,,,
TG_mahbub_2011,Mahbubnagar,Telangana,2011.0,,Unknown,,,,,
TG_jogula_2024,Jogulamba Gadwal,Telangana,2024.0,,Bifurcation,,,,,
TG_nagark_2024,Nagarkurnool,Telangana,2024.0,,Bifurcation,,,,,
TG_wanapa_2024,Wanaparthy,Telangana,2024.0,,Bifurcation,,,,,
TG_naraya_2024,Narayanpet,Telangana,2024.0,,Bifurcation,,,,,
TG_medak_2011,Medak,Telangana,2011.0,,Unknown,,,,,
TG_sangar_2024,Sangareddy,Telangana,2024.0,,Bifurcation,,,,,
TG_nalgon_2011,Nalgonda,Telangana,2011.0,,Unknown,,,,,
TG_suryap_2024,Suryapet,Telangana,2024.0,,Bifurcation,,,,,
TG_yadadr_2024,Yadadri Bhuvanagiri,Telangana,2024.0,,Bifurcation,,,,,
TG_jangao_2024,Jangaon,Telangana,2024.0,,Bifurcation,,,,,
TG_nizama_2011,Nizamabad,Telangana,2011.0,,Unknown,,,,,
TG_kamare_2024,Kamareddy,Telangana,2024.0,,Bifurcation,,,,,
TG_medcha_2024,Medchal–Malkajgiri,Telangana,2024.0,,Bifurcation,,,,,
TG_vikara_2024,Vikarabad,Telangana,2024.0,,Bifurcation,,,,,
TG_warang_1951,Warangal,Telangana,1951.0,,Original,,,,,
TN_chenga_1951,Chengalpattu,Tamil Nadu,1951.0,,Original,,,,,
TN_thiruv_1951,Thiruvallur,Tamil Nadu,1951.0,,Bifurcation,,,,,
TN_chidam_1991,Chidambaranar,Tamil Nadu,1991.0,,Unknown,,,,,
TN_thooth_2001,Toothukudi,Tamil Nadu,2001.0,,Bifurcation,,,,,
TN_coimba_1951,Coimbatore,Tamil Nadu,1951.0,,Original,,,,,
TN_periya_1981,Periyar,Tamil Nadu,1981.0,,Bifurcation,,,,,
TN_tirupp_2011,Tiruppur,Tamil Nadu,2011.0,,Bifurcation,,,,,
TN_dharma_1971,Dharmapuri,Tamil Nadu,1971.0,,Unknown,,,,,
TN_krishn_2011,Krishnagiri,Tamil Nadu,2011.0,,Bifurcation,,,,,
TN_dindig_1991,Dindigul Anna,Tamil Nadu,1991.0,,Unknown,,,,,
TN_erode_2001,Erode,Tamil Nadu,2001.0,,Unknown,,,,,
TN_kamara_1991,Kamarajar,Tamil Nadu,1991.0,,Unknown,,,,,
TN_virudh_2001,Virudhunagar,Tamil Nadu,2001.0,,Bifurcation,,,,,
TN_kanniy_1961,Kanyakumari,Tamil Nadu,1961.0,,Unknown,,,,,
TN_chenna_1991,Madras,Tamil Nadu,1991.0,,Unknown,,,,,
TN_madura_1951,Madurai,Tamil Nadu,1951.0,,Original,,,,,
TN_theni_2001,Theni,Tamil Nadu,2001.0,,Bifurcation,,,,,
TN_nagapa_2001,Nagapattinam,Tamil Nadu,2001.0,,Unknown,,,,,
TN_mayila_2024,Mayiladuthurai,Tamil Nadu,2024.0,,Bifurcation,,,,,
TN_nilgir_1951,Nilgiri,Tamil Nadu,1951.0,,Original,,,,,
TN_narcot_1981,North Arcot,Tamil Nadu,1981.0,,Unknown,,,,,
TN_tiruva_1991,Tiruvannamalai Sambuvarayar,Tamil Nadu,1991.0,,Bifurcation,,,,,
TN_vellor_2001,Vellore,Tamil Nadu,2001.0,,Bifurcation,,,,,
TN_pasump_1991,Pasumpon Muthuramalinga Thevar,Tamil Nadu,1991.0,,Unknown,,,,,
TN_sivaga_2001,Sivaganga,Tamil Nadu,2001.0,,Bifurcation,,,,,
TN_peramb_2001,Perambalur,Tamil Nadu,2001.0,,Unknown,,,,,
TN_ariyal_2011,Ariyalur,Tamil Nadu,2011.0,,Bifurcation,,,,,
TN_ramana_1981,Ramanathapuram,Tamil Nadu,1981.0,,Unknown,,,,,
TN_salem_1961,Salem,Tamil Nadu,1961.0,,Unknown,,,,,
TN_namakk_2001,Namakkal,Tamil Nadu,2001.0,,Bifurcation,,,,,
TN_cuddal_1991,South Arcot,Tamil Nadu,1991.0,,Unknown,,,,,
TN_vilupp_2001,Viluppuram,Tamil Nadu,2001.0,,Bifurcation,,,,,
TN_thanja_1951,Tanjore,Tamil Nadu,1951.0,,Original,,,,,
TN_pudukk_1981,Pudukkottai,Tamil Nadu,1981.0,,Bifurcation,,,,,
TN_tiruch_1971,Tiruchchirappalli,Tamil Nadu,1971.0,,Unknown,,,,,
TN_karur_2001,Karur,Tamil Nadu,2001.0,,Bifurcation,,,,,
TN_tirune_1981,Tirunelveli,Tamil Nadu,1981.0,,Unknown,,,,,
TN_tenkas_2024,Tenkasi,Tamil Nadu,2024.0,,Bifurcation,,,,,
TN_tirupa_2024,Tirupattur,Tamil Nadu,2024.0,,Bifurcation,,,,,
TN_ranipe_2024,Ranipet,Tamil Nadu,2024.0,,Bifurcation,,,,,
TN_kallak_2024,Kallakurichi,Tamil Nadu,2024.0,,Bifurcation,,,,,
SK_east_2001,East,Sikkim,2001.0,,Unknown,,,,,
SK_gangto_2024,Gangtok,Sikkim,2024.0,,Bifurcation,,,,,
SK_pakyon_2024,Pakyong,Sikkim,2024.0,,Bifurcation,,,,,
SK_eastdi_1981,East District,Sikkim,1981.0,,Unknown,,,,,
SK_north_2001,North,Sikkim,2001.0,,Unknown,,,,,
SK_mangan_2024,Mangan,Sikkim,2024.0,,Bifurcation,,,,,
SK_northd_1981,North District,Sikkim,1981.0,,Unknown,,,,,
SK_sikkim_1971,Sikkim,Sikkim,1971.0,,Unknown,,,,,
SK_westdi_1981,West District,Sikkim,1981.0,,Bifurcation,,,,,
SK_southd_1981,South District,Sikkim,1981.0,,Bifurcation,,,,,
SK_south_2001,South,Sikkim,2001.0,,Unknown,,,,,
SK_namchi_2024,Namchi,Sikkim,2024.0,,Bifurcation,,,,,
SK_west_2001,West,Sikkim,2001.0,,Unknown,,,,,
SK_gyalsh_2024,Gyalshing,Sikkim,2024.0,,Bifurcation,,,,,
SK_soreng_2024,Soreng,Sikkim,2024.0,,Bifurcation,,,,,
RJ_bharat_1981,Bharatpur,Rajasthan,1981.0,,Unknown,,,,,
RJ_dhaulp_1991,Dhaulpur,Rajasthan,1991.0,,Bifurcation,,,,,
RJ_chitto_1951,Chitorgarh,Rajasthan,1951.0,,Original,,,,,
RJ_pratap_2011,Pratapgarh,Rajasthan,2011.0,,Bifurcation,,,,,
RJ_gangan_1991,Ganganagar,Rajasthan,1991.0,,Unknown,,,,,
RJ_hanuma_2001,Hanumangarh,Rajasthan,2001.0,,Bifurcation,,,,,
RJ_jaipur_1951,Jaipur,Rajasthan,1951.0,,Original,,,,,
RJ_dausa_2001,Dausa,Rajasthan,2001.0,,Bifurcation,,,,,
RJ_jalore_1951,Jalore,Rajasthan,1951.0,,Original,,,,,
RJ_jhunjh_1961,Jhunjhunu,Rajasthan,1961.0,,Unknown,,,,,
RJ_kota_1951,Kota,Rajasthan,1951.0,,Original,,,,,
RJ_baran_2001,Baran,Rajasthan,2001.0,,Bifurcation,,,,,
RJ_kotah_1951,Kotah,Rajasthan,1951.0,,Original,,,,,
RJ_sawaim_1951,Sawai Madhopur,Rajasthan,1951.0,,Original,,,,,
RJ_karaul_2001,Karauli,Rajasthan,2001.0,,Bifurcation,,,,,
RJ_udaipu_1951,Udaipur,Rajasthan,1951.0,,Original,,,,,
RJ_rajsam_2001,Rajsamand,Rajasthan,2001.0,,Bifurcation,,,,,
PB_amrits_2001,Amritsar,Punjab,2001.0,,Unknown,,,,,
PB_tarnta_2011,Tarn Taran,Punjab,2011.0,,Bifurcation,,,,,
PB_barnal_1951,Barnala,Punjab,1951.0,,Original,,,,,
PB_sangru_1951,Sangrur,Punjab,1951.0,,Bifurcation,,,,,
PB_bhatin_1951,Bathinda,Punjab,1951.0,,Original,,,,,
PB_mansa_2001,Mansa,Punjab,2001.0,,Bifurcation,,,,,
PB_faridk_1981,Faridkot,Punjab,1981.0,,Bifurcation,,,,,
PB_moga_2001,Moga,Punjab,2001.0,,Bifurcation,,,,,
PB_srimuk_2001,Muktsar,Punjab,2001.0,,Bifurcation,,,,,
PB_fatehg_1951,Fatehgarh Sahib,Punjab,1951.0,,Original,,,,,
PB_patial_1951,Patiala,Punjab,1951.0,,Bifurcation,,,,,
PB_firozp_1951,Ferozepur,Punjab,1951.0,,Original,,,,,
PB_fazilk_2024,Fazilka,Punjab,2024.0,,Bifurcation,,,,,
PB_gurdas_1951,Gurdaspur,Punjab,1951.0,,Original,,,,,
PB_pathan_2024,Pathankot,Punjab,2024.0,,Bifurcation,,,,,
PB_hoshia_1961,Hoshiarpur,Punjab,1961.0,,Unknown,,,,,
PB_ropar_1971,Ropar,Punjab,1971.0,,Bifurcation,,,,,
PB_shahid_2001,Nawanshahr,Punjab,2001.0,,Bifurcation,,,,,
PB_jaland_1971,Jalandhar,Punjab,1971.0,,Unknown,,,,,
PB_mohali_2011,Sahibzada Ajit Singh Nagar,Punjab,2011.0,,Bifurcation,,,,,
PB_rupnag_1981,Rupnagar,Punjab,1981.0,,Bifurcation,,,,,
PB_malerk_2024,Malerkotla,Punjab,2024.0,,Bifurcation,,,,,
PY_puduch_2001,Pondicherry,Puducherry,2001.0,,Unknown,,,,,
OD_balang_1981,Balangir,Odisha,1981.0,,Unknown,,,,,
OD_sonapu_2001,Sonapur,Odisha,2001.0,,Bifurcation,,,,,
OD_balaso_1971,Balasore,Odisha,1971.0,,Unknown,,,,,
OD_balesh_1981,Baleshwar,Odisha,1981.0,,Bifurcation,,,,,
OD_bhadra_2001,Bhadrak,Odisha,2001.0,,Bifurcation,,,,,
OD_baudh_1951,Baudh Khondmals,Odisha,1951.0,,Original,,,,,
OD_bolang_1971,Bolangir,Odisha,1971.0,,Unknown,,,,,
OD_cuttac_1991,Cuttack,Odisha,1991.0,,Unknown,,,,,
OD_kendra_2001,Kendrapara,Odisha,2001.0,,Bifurcation,,,,,
OD_jagats_2001,Jagatsinghapur,Odisha,2001.0,,Bifurcation,,,,,
OD_jajapu_2001,Jajapur,Odisha,2001.0,,Bifurcation,,,,,
OD_dhenka_1991,Dhenkanal,Odisha,1991.0,,Unknown,,,,,
OD_anugul_2001,Anugul,Odisha,2001.0,,Bifurcation,,,,,
OD_ganjam_1991,Ganjam,Odisha,1991.0,,Unknown,,,,,
OD_gajapa_2001,Gajapati,Odisha,2001.0,,Bifurcation,,,,,
OD_kalaha_1991,Kalahandi,Odisha,1991.0,,Unknown,,,,,
OD_nuapad_2001,Nuapada,Odisha,2001.0,,Bifurcation,,,,,
OD_keonjh_1971,Keonjhar,Odisha,1971.0,,Unknown,,,,,
OD_kenduj_1981,Kendujhar,Odisha,1981.0,,Bifurcation,,,,,
OD_korapu_1991,Koraput,Odisha,1991.0,,Unknown,,,,,
OD_rayaga_2001,Rayagada,Odisha,2001.0,,Bifurcation,,,,,
OD_nabara_2001,Nabarangapur,Odisha,2001.0,,Bifurcation,,,,,
OD_malkan_2001,Malkangiri,Odisha,2001.0,,Bifurcation,,,,,
OD_kandha_2001,Kandhamal,Odisha,2001.0,,Bifurcation,,,,,
OD_puri_1991,Puri,Odisha,1991.0,,Unknown,,,,,
OD_nayaga_2001,Nayagarh,Odisha,2001.0,,Bifurcation,,,,,
OD_khordh_2001,Khordha,Odisha,2001.0,,Bifurcation,,,,,
OD_sambal_1991,Sambalpur,Odisha,1991.0,,Unknown,,,,,
OD_bargar_2001,Bargarh,Odisha,2001.0,,Bifurcation,,,,,
OD_jharsu_2001,Jharsuguda,Odisha,2001.0,,Bifurcation,,,,,
OD_debaga_2001,Debagarh,Odisha,2001.0,,Bifurcation,,,,,
OD_subarn_2011,Subarnapur,Odisha,2011.0,,Bifurcation,,,,,
NC_delhi_1991,Delhi,NCT of Delhi,1991.0,,Unknown,,,,,
NC_northw_2001,North West,NCT of Delhi,2001.0,,Bifurcation,,,,,
NC_north_2001,North,NCT of Delhi,2001.0,,Bifurcation,,,,,
NC_northe_2001,North East,NCT of Delhi,2001.0,,Bifurcation,,,,,
NC_east_2001,East,NCT of Delhi,2001.0,,Bifurcation,,,,,
NC_newdel_2001,New Delhi,NCT of Delhi,2001.0,,Bifurcation,,,,,
NC_centra_2001,Central,NCT of Delhi,2001.0,,Bifurcation,,,,,
NC_west_2001,West,NCT of Delhi,2001.0,,Bifurcation,,,,,
NC_southw_2001,South West,NCT of Delhi,2001.0,,Bifurcation,,,,,
NC_south_2001,South,NCT of Delhi,2001.0,,Bifurcation,,,,,
NL_dimapu_2001,Dimapur,Nagaland,2001.0,,Unknown,,,,,
NL_chumou_2024,Chumoukedima,Nagaland,2024.0,,Bifurcation,,,,,
NL_niulan_2024,Niuland,Nagaland,2024.0,,Bifurcation,,,,,
NL_kohima_1951,Kohima,Nagaland,1951.0,,Original,,,,,
NL_phek_1981,Phek,Nagaland,1981.0,,Bifurcation,,,,,
NL_peren_2011,Peren,Nagaland,2011.0,,Bifurcation,,,,,
NL_tsemin_2024,Tseminyü,Nagaland,2024.0,,Bifurcation,,,,,
NL_mokokc_1961,Mokokchung,Nagaland,1961.0,,Unknown,,,,,
NL_wokha_1981,Wokha,Nagaland,1981.0,,Bifurcation,,,,,
NL_zunheb_1981,Zunheboto,Nagaland,1981.0,,Bifurcation,,,,,
NL_tuensa_1951,Tuensang,Nagaland,1951.0,,Original,,,,,
NL_mon_1981,Mon,Nagaland,1981.0,,Bifurcation,,,,,
NL_longle_2011,Longleng,Nagaland,2011.0,,Bifurcation,,,,,
NL_kiphir_2011,Kiphire,Nagaland,2011.0,,Bifurcation,,,,,
NL_noklak_2024,Noklak,Nagaland,2024.0,,Bifurcation,,,,,
MZ_aizawl_1981,Aizawl,Mizoram,1981.0,,Unknown,,,,,
MZ_mamit_2001,Mamit,Mizoram,2001.0,,Bifurcation,,,,,
MZ_kolasi_2001,Kolasib,Mizoram,2001.0,,Bifurcation,,,,,
MZ_champh_2001,Champhai,Mizoram,2001.0,,Bifurcation,,,,,
MZ_serchh_2001,Serchhip,Mizoram,2001.0,,Bifurcation,,,,,
MZ_saitua_2024,Saitual,Mizoram,2024.0,,Bifurcation,,,,,
MZ_khawza_2024,Khawzawl,Mizoram,2024.0,,Bifurcation,,,,,
MZ_chhimt_1981,Chhimtuipui,Mizoram,1981.0,,Unknown,,,,,
MZ_lawngt_2001,Lawngtlai,Mizoram,2001.0,,Bifurcation,,,,,
MZ_saiha_2001,Saiha,Mizoram,2001.0,,Bifurcation,,,,,
MZ_lungle_1981,Lunglei,Mizoram,1981.0,,Unknown,,,,,
MZ_hnathi_2024,Hnathial,Mizoram,2024.0,,Bifurcation,,,,,
MZ_mizora_1951,Lushai Hills,Mizoram,1951.0,,Original,,,,,
ML_eastga_1981,East Garo Hills,Meghalaya,1981.0,,Unknown,,,,,
ML_northg_2024,North Garo Hills,Meghalaya,2024.0,,Bifurcation,,,,,
ML_eastkh_1981,East Khasi Hills,Meghalaya,1981.0,,Unknown,,,,,
ML_ribhoi_2001,Ri Bhoi,Meghalaya,2001.0,,Bifurcation,,,,,
ML_garohi_1971,Garo Hills,Meghalaya,1971.0,,Unknown,,,,,
ML_westga_1981,West Garo Hills,Meghalaya,1981.0,,Bifurcation,,,,,
ML_jainti_1981,Jaintia Hills,Meghalaya,1981.0,,Unknown,,,,,
ML_westja_2024,West Jaintia Hills,Meghalaya,2024.0,,Bifurcation,,,,,
ML_eastja_2024,East Jaintia Hills,Meghalaya,2024.0,,Bifurcation,,,,,
ML_ekhasi_1971,United Khasi and Jaintia Hills,Meghalaya,1971.0,,Unknown,,,,,
ML_westkh_1981,West Khasi Hills,Meghalaya,1981.0,,Bifurcation,,,,,
ML_southg_2001,South Garo Hills,Meghalaya,2001.0,,Bifurcation,,,,,
ML_southw_2024,South West Khasi Hills,Meghalaya,2024.0,,Bifurcation,,,,,
ML_easter_2024,Eastern West Khasi Hills,Meghalaya,2024.0,,Bifurcation,,,,,
MN_tengno_1951,Chandel,Manipur,1951.0,,Original,,,,,
MN_churac_1991,Churachandpur,Manipur,1991.0,,Unknown,,,,,
MN_pherza_2024,Pherzawl,Manipur,2024.0,,Bifurcation,,,,,
MN_imphal_1991,Imphal,Manipur,1991.0,,Unknown,,,,,
MN_jiriba_2024,Jiribam,Manipur,2024.0,,Bifurcation,,,,,
MN_manipu_1951,Manipur,Manipur,1951.0,,Original,,,,,
MN_bishnu_1991,Bishnupur,Manipur,1991.0,,Bifurcation,,,,,
MN_thouba_1991,Thoubal,Manipur,1991.0,,Bifurcation,,,,,
MN_ukhrul_1991,Ukhrul,Manipur,1991.0,,Bifurcation,,,,,
MN_senapa_1991,Senapati,Manipur,1991.0,,Bifurcation,,,,,
MN_tameng_1991,Tamenglong,Manipur,1991.0,,Bifurcation,,,,,
MN_kangpo_2024,Kangpokpi,Manipur,2024.0,,Bifurcation,,,,,
MN_noney_2024,Noney,Manipur,2024.0,,Bifurcation,,,,,
MN_kakchi_2024,Kakching,Manipur,2024.0,,Bifurcation,,,,,
MN_kamjon_2024,Kamjong,Manipur,2024.0,,Bifurcation,,,,,
MH_ahmedn_1951,Ahmadnagar,Maharashtra,1951.0,,Original,,,,,
MH_akola_1991,Akola,Maharashtra,1991.0,,Unknown,,,,,
MH_washim_2001,Washim,Maharashtra,2001.0,,Bifurcation,,,,,
MH_aurang_1981,Aurangabad,Maharashtra,1981.0,,Unknown,,,,,
MH_jalna_1991,Jalna,Maharashtra,1991.0,,Bifurcation,,,,,
MH_sambha_2024,Sambhaji Nagar,Maharashtra,2024.0,,Bifurcation,,,,,
MH_bhanda_1991,Bhandara,Maharashtra,1991.0,,Unknown,,,,,
MH_gondia_2001,Gondiya,Maharashtra,2001.0,,Bifurcation,,,,,
MH_bhir_1971,Bhir,Maharashtra,1971.0,,Unknown,,,,,
MH_bid_1981,Bid,Maharashtra,1981.0,,Bifurcation,,,,,
MH_buldan_1951,Buldana,Maharashtra,1951.0,,Original,,,,,
MH_chandr_1961,Chanda,Maharashtra,1961.0,,Unknown,,,,,
MH_gadchi_1991,Gadchiroli,Maharashtra,1991.0,,Bifurcation,,,,,
MH_dhule_1951,Dhule,Maharashtra,1951.0,,Original,,,,,
MH_nandur_2001,Nandurbar,Maharashtra,2001.0,,Bifurcation,,,,,
MH_jalgao_1951,East Khandesh,Maharashtra,1951.0,,Original,,,,,
MH_greate_1991,Greater Bombay,Maharashtra,1951.0,,Inferred_Backdate,,,,,
MH_mumbai_1951,Mumbai,Maharashtra,1951.0,,Bifurcation,,,,,
MH_kolaba_1971,Kolaba,Maharashtra,1971.0,,Unknown,,,,,
MH_raigar_1981,Raigarh,Maharashtra,1981.0,,Bifurcation,,,,,
MH_nasik_1971,Nasik,Maharashtra,1971.0,,Unknown,,,,,
MH_nashik_1981,Nashik,Maharashtra,1981.0,,Bifurcation,,,,,
MH_dharas_1981,Osmanabad,Maharashtra,1981.0,,Unknown,,,,,
MH_latur_1991,Latur,Maharashtra,1991.0,,Bifurcation,,,,,
MH_parbha_1991,Parbhani,Maharashtra,1991.0,,Unknown,,,,,
MH_hingol_2001,Hingoli,Maharashtra,2001.0,,Bifurcation,,,,,
MH_pune_1951,Poona,Maharashtra,1951.0,,Original,,,,,
MH_ratnag_1981,Ratnagiri,Maharashtra,1981.0,,Unknown,,,,,
MH_sindhu_1991,Sindhudurg,Maharashtra,1991.0,,Bifurcation,,,,,
MH_satara_1951,Satara North,Maharashtra,1951.0,,Original,,,,,
MH_sangli_1961,Sangli,Maharashtra,1961.0,,Bifurcation,,,,,
MH_sholap_1971,Sholapur,Maharashtra,1971.0,,Unknown,,,,,
MH_solapu_1981,Solapur,Maharashtra,1981.0,,Bifurcation,,,,,
MH_thane_1971,Thana,Maharashtra,1971.0,,Unknown,,,,,
MH_palgha_2024,Palghar,Maharashtra,2024.0,,Bifurcation,,,,,
MH_yavatman_1971,Yeotmal,Maharashtra,1971.0,,Unknown,,,,,
MH_yavatma_1981,Yavatmal,Maharashtra,1981.0,,Bifurcation,,,,,
MP_bhilsa_1951,Bhilsa,Madhya Pradesh,1951.0,,Original,,,,,
MP_vidish_1961,Vidisha,Madhya Pradesh,1961.0,,Bifurcation,,,,,
MP_chhind_1951,Chhindwara,Madhya Pradesh,1951.0,,Original,,,,,
MP_seoni_1961,Seoni,Madhya Pradesh,1961.0,,Bifurcation,,,,,
MP_khandw_1961,East Nimar,Madhya Pradesh,1961.0,,Unknown,,,,,
MP_burhan_2011,Burhanpur,Madhya Pradesh,2011.0,,Bifurcation,,,,,
MP_gird_1951,Gird,Madhya Pradesh,1951.0,,Original,,,,,
MP_gwalio_1961,Gwalior,Madhya Pradesh,1961.0,,Bifurcation,,,,,
MP_goona_1951,Goona,Madhya Pradesh,1951.0,,Original,,,,,
MP_guna_1961,Guna,Madhya Pradesh,1961.0,,Bifurcation,,,,,
MP_ashokn_2011,Ashoknagar,Madhya Pradesh,2011.0,,Bifurcation,,,,,
MP_narmad_1951,Hoshangabad,Madhya Pradesh,1951.0,,Original,,,,,
MP_narsin_1961,Narsimhapur,Madhya Pradesh,1961.0,,Bifurcation,,,,,
MP_harda_2001,Harda,Madhya Pradesh,2001.0,,Bifurcation,,,,,
MP_jabalp_1991,Jabalpur,Madhya Pradesh,1991.0,,Unknown,,,,,
MP_katni_2001,Katni,Madhya Pradesh,2001.0,,Bifurcation,,,,,
MP_jhabua_2001,Jhabua,Madhya Pradesh,2001.0,,Unknown,,,,,
MP_aliraj_2011,Alirajpur,Madhya Pradesh,2011.0,,Bifurcation,,,,,
MP_khargo_1961,Khargone,Madhya Pradesh,1961.0,,Unknown,,,,,
MP_mandla_1991,Mandla,Madhya Pradesh,1991.0,,Unknown,,,,,
MP_dindor_2001,Dindori,Madhya Pradesh,2001.0,,Bifurcation,,,,,
MP_mandsa_1991,Mandsaur,Madhya Pradesh,1991.0,,Unknown,,,,,
MP_neemuc_2001,Neemuch,Madhya Pradesh,2001.0,,Bifurcation,,,,,
MP_morena_1991,Morena,Madhya Pradesh,1991.0,,Unknown,,,,,
MP_sheopu_2001,Sheopur,Madhya Pradesh,2001.0,,Bifurcation,,,,,
MP_nimar_1951,Nimar,Madhya Pradesh,1951.0,,Original,,,,,
MP_sagar_1951,Sagar,Madhya Pradesh,1951.0,,Original,,,,,
MP_damoh_1961,Damoh,Madhya Pradesh,1961.0,,Bifurcation,,,,,
MP_sehore_1971,Sehore,Madhya Pradesh,1971.0,,Unknown,,,,,
MP_bhopal_1981,Bhopal,Madhya Pradesh,1981.0,,Bifurcation,,,,,
MP_shahdo_1991,Shahdol,Madhya Pradesh,1991.0,,Unknown,,,,,
MP_umaria_2001,Umaria,Madhya Pradesh,2001.0,,Bifurcation,,,,,
MP_annupu_2011,Annupur,Madhya Pradesh,2011.0,,Bifurcation,,,,,
MP_shajap_2011,Shajapur,Madhya Pradesh,2011.0,,Unknown,,,,,
MP_agarma_2024,Agar-Malwa,Madhya Pradesh,2024.0,,Bifurcation,,,,,
MP_sidhi_2001,Sidhi,Madhya Pradesh,2001.0,,Unknown,,,,,
MP_singra_2011,Singrauli,Madhya Pradesh,2011.0,,Bifurcation,,,,,
MP_tikamg_2011,Tikamgarh,Madhya Pradesh,2011.0,,Unknown,,,,,
MP_niwari_2024,Niwari,Madhya Pradesh,2024.0,,Bifurcation,,,,,
MP_barwan_2001,Barwani,Madhya Pradesh,2001.0,,Bifurcation,,,,,
LD_laksha_1971,"Laccadive, Minicoy and Amindivi Islands",Lakshadweep,1971.0,,Unknown,,,,,
KL_alappu_1961,Alleppey,Kerala,1961.0,,Unknown,,,,,
KL_pathan_1991,Pathanamthitta,Kerala,1991.0,,Bifurcation,,,,,
KL_kannur_1961,Cannanore,Kerala,1961.0,,Unknown,,,,,
KL_wayana_1981,Wayanad,Kerala,1981.0,,Bifurcation,,,,,
KL_kasarg_1991,Kasargod,Kerala,1991.0,,Bifurcation,,,,,
KL_ernaku_1961,Ernakulam,Kerala,1961.0,,Unknown,,,,,
KL_idukki_1981,Idukki,Kerala,1981.0,,Bifurcation,,,,,
KL_kottay_1951,Kottayam,Kerala,1951.0,,Original,,,,,
KL_kozhik_1961,Kozhikode,Kerala,1951.0,,Inferred_Backdate,,,,,
KL_malapp_1951,Malappuram,Kerala,1951.0,,Bifurcation,,,,,
KL_palgha_1961,Palghat,Kerala,1951.0,,Inferred_Backdate,,,,,
KL_palakk_1991,Palakkad,Kerala,1991.0,,Bifurcation,,,,,
KL_kollam_1951,Quilon,Kerala,1951.0,,Original,,,,,
KL_thriss_1951,Trichur,Kerala,1951.0,,Original,,,,,
KL_thiruv_1951,Trivandrum,Kerala,1951.0,,Original,,,,,
KA_bangal_1981,Bangalore,Karnataka,1981.0,,Unknown,,,,,
KA_ramana_2011,Ramanagara,Karnataka,2011.0,,Bifurcation,,,,,
KA_belgau_2011,Belgaum,Karnataka,2011.0,,Unknown,,,,,
KA_bellar_2011,Bellary,Karnataka,2011.0,,Unknown,,,,,
KA_vijaya_2024,Vijayanagara,Karnataka,2024.0,,Bifurcation,,,,,
KA_bijapu_1991,Bijapur,Karnataka,1991.0,,Unknown,,,,,
KA_bagalk_2001,Bagalkot,Karnataka,2001.0,,Bifurcation,,,,,
KA_chikma_2011,Chikmagalur,Karnataka,2011.0,,Unknown,,,,,
KA_chikka_2011,Chikkamagaluru,Karnataka,2011.0,,Bifurcation,,,,,
KA_chitra_1951,Chitaldrug,Karnataka,1951.0,,Original,,,,,
KA_davana_2001,Davanagere,Karnataka,2001.0,,Bifurcation,,,,,
KA_kodagu_1971,Coorg,Karnataka,1971.0,,Unknown,,,,,
KA_dakshi_1971,Dakshin Kannad,Karnataka,1971.0,,Unknown,,,,,
KA_udupi_2001,Udupi,Karnataka,2001.0,,Bifurcation,,,,,
KA_dharwa_1971,Dharwad,Karnataka,1971.0,,Unknown,,,,,
KA_gadag_2001,Gadag,Karnataka,2001.0,,Bifurcation,,,,,
KA_haveri_2001,Haveri,Karnataka,2001.0,,Bifurcation,,,,,
KA_gulbar_2001,Gulbarga,Karnataka,2001.0,,Unknown,,,,,
KA_yadgir_2011,Yadgir,Karnataka,2011.0,,Bifurcation,,,,,
KA_kalabu_2024,Kalaburagi,Karnataka,2024.0,,Bifurcation,,,,,
KA_uttark_1951,Kanara,Karnataka,1951.0,,Original,,,,,
KA_kolar_2001,Kolar,Karnataka,2001.0,,Unknown,,,,,
KA_mysuru_1991,Mysore,Karnataka,1991.0,,Unknown,,,,,
KA_chamar_2001,Chamarajanagar,Karnataka,2001.0,,Bifurcation,,,,,
KA_raichu_1991,Raichur,Karnataka,1991.0,,Unknown,,,,,
KA_koppal_2001,Koppal,Karnataka,2001.0,,Bifurcation,,,,,
KA_bengal_2024,Bengaluru South,Karnataka,2024.0,,Bifurcation,,,,,
KA_shivam_2011,Shimoga,Karnataka,2011.0,,Unknown,,,,,
KA_tumaku_2011,Tumkur,Karnataka,2011.0,,Unknown,,,,,
JH_dhanba_1991,Dhanbad,Jharkhand,1991.0,,Unknown,,,,,
JH_bokaro_2001,Bokaro,Jharkhand,2001.0,,Bifurcation,,,,,
JH_dumka_1991,Dumka,Jharkhand,1991.0,,Unknown,,,,,
JH_jamtar_2011,Jamtara,Jharkhand,2011.0,,Bifurcation,,,,,
JH_giridi_1981,Giridih,Jharkhand,1981.0,,Unknown,,,,,
JH_gumla_1991,Gumla,Jharkhand,1991.0,,Unknown,,,,,
JH_simdeg_2011,Simdega,Jharkhand,2011.0,,Bifurcation,,,,,
JH_hazari_1971,Hazaribag,Jharkhand,1971.0,,Unknown,,,,,
JH_chatra_2001,Chatra,Jharkhand,2001.0,,Bifurcation,,,,,
JH_kodarm_2001,Kodarma,Jharkhand,2001.0,,Bifurcation,,,,,
JH_ramgar_2011,Ramgarh,Jharkhand,2011.0,,Bifurcation,,,,,
JH_pakaur_2001,Pakaur,Jharkhand,2001.0,,Unknown,,,,,
JH_pakur_2011,Pakur,Jharkhand,2011.0,,Bifurcation,,,,,
JH_palamu_1971,Palamau,Jharkhand,1971.0,,Unknown,,,,,
JH_garhwa_2001,Garhwa,Jharkhand,2001.0,,Bifurcation,,,,,
JH_lateha_2011,Latehar,Jharkhand,2011.0,,Bifurcation,,,,,
JH_psingh_1981,Pashchimi Singhbhum,Jharkhand,1981.0,,Unknown,,,,,
JH_saraik_2011,Saraikela-kharsawan,Jharkhand,2011.0,,Bifurcation,,,,,
JH_ranchi_1981,Ranchi,Jharkhand,1981.0,,Unknown,,,,,
JH_lohard_1991,Lohardaga,Jharkhand,1991.0,,Bifurcation,,,,,
JH_khunti_2011,Khunti,Jharkhand,2011.0,,Bifurcation,,,,,
JH_sahibg_1991,Sahibganj,Jharkhand,1991.0,,Unknown,,,,,
JH_santha_1971,Santal Parganas,Jharkhand,1971.0,,Unknown,,,,,
JH_deogha_1991,Deoghar,Jharkhand,1991.0,,Bifurcation,,,,,
JH_godda_1991,Godda,Jharkhand,1991.0,,Bifurcation,,,,,
JH_purbis_1991,Purbi Singhbhum,Jharkhand,1991.0,,Bifurcation,,,,,
JK_anantn_1961,Anantnag,Jammu & Kashmir,1961.0,,Unknown,,,,,
JK_kulgam_2011,Kulgam,Jammu & Kashmir,2011.0,,Bifurcation,,,,,
JK_baramu_1961,Baramula,Jammu & Kashmir,1961.0,,Unknown,,,,,
JK_kupwar_1981,Kupwara,Jammu & Kashmir,1981.0,,Bifurcation,,,,,
JK_bandip_2011,Bandipore,Jammu & Kashmir,2011.0,,Bifurcation,,,,,
JK_gander_2011,Ganderbal,Jammu & Kashmir,2011.0,,Bifurcation,,,,,
JK_doda_1961,Doda,Jammu & Kashmir,1961.0,,Unknown,,,,,
JK_ramban_2011,Ramban,Jammu & Kashmir,2011.0,,Bifurcation,,,,,
JK_kishtw_2011,Kishtwar,Jammu & Kashmir,2011.0,,Bifurcation,,,,,
JK_jammu_1961,Jammu,Jammu & Kashmir,1961.0,,Unknown,,,,,
JK_samba_2011,Samba,Jammu & Kashmir,2011.0,,Bifurcation,,,,,
JK_jammua_1951,Jammu and Kashmir,Jammu & Kashmir,1951.0,,Original,,,,,
JK_srinag_1961,Srinagar,Jammu & Kashmir,1961.0,,Bifurcation,,,,,
JK_ladakh_1961,Ladakh,Jammu & Kashmir,1961.0,,Bifurcation,,,,,
JK_poonch_1961,Poonch,Jammu & Kashmir,1961.0,,Bifurcation,,,,,
JK_kathua_1961,Kathua,Jammu & Kashmir,1961.0,,Bifurcation,,,,,
JK_udhamp_1961,Udhampur,Jammu & Kashmir,1961.0,,Bifurcation,,,,,
JK_kargil_1981,Kargil,Jammu & Kashmir,1981.0,,Bifurcation,,,,,
JK_lehlad_2001,Leh (Ladakh),Jammu & Kashmir,2001.0,,Bifurcation,,,,,
JK_punch_1971,Punch,Jammu & Kashmir,1971.0,,Bifurcation,,,,,
JK_rajaur_1971,Rajauri,Jammu & Kashmir,1971.0,,Bifurcation,,,,,
JK_pulwam_1981,Pulwama,Jammu & Kashmir,1981.0,,Unknown,,,,,
JK_shupiy_2011,Shupiyan,Jammu & Kashmir,2011.0,,Bifurcation,,,,,
JK_rajour_2011,Rajouri,Jammu & Kashmir,2011.0,,Bifurcation,,,,,
JK_badgam_1981,Badgam,Jammu & Kashmir,1981.0,,Bifurcation,,,,,
JK_reasi_2011,Reasi,Jammu & Kashmir,2011.0,,Bifurcation,,,,,
HP_kangra_1951,Kangra,Himachal Pradesh,1951.0,,Original,,,,,
HP_lahaul_1961,Lahaul and Spiti,Himachal Pradesh,1961.0,,Bifurcation,,,,,
HP_kulu_1971,Kulu,Himachal Pradesh,1971.0,,Bifurcation,,,,,
HP_hamirp_1981,Hamirpur,Himachal Pradesh,1981.0,,Bifurcation,,,,,
HP_una_1981,Una,Himachal Pradesh,1981.0,,Bifurcation,,,,,
HP_kohist_1951,Kohistan,Himachal Pradesh,1951.0,,Original,,,,,
HP_shimla_1961,Simla,Himachal Pradesh,1961.0,,Bifurcation,,,,,
HP_kullu_1981,Kullu,Himachal Pradesh,1981.0,,Bifurcation,,,,,
HP_lahula_1971,Lahul and Spiti,Himachal Pradesh,1971.0,,Bifurcation,,,,,
HP_lahuls_2011,Lahul & Spiti,Himachal Pradesh,2011.0,,Bifurcation,,,,,
HP_mahasu_1951,Mahasu,Himachal Pradesh,1951.0,,Original,,,,,
HP_kinnau_1961,Kinnaur,Himachal Pradesh,1961.0,,Bifurcation,,,,,
HP_solan_1981,Solan,Himachal Pradesh,1981.0,,Bifurcation,,,,,
HP_sirmur_1951,Sirmoor,Himachal Pradesh,1951.0,,Original,,,,,
HR_ambala_1951,Ambala,Haryana,1951.0,,Original,,,,,
HR_yamuna_1991,Yamunanagar,Haryana,1991.0,,Bifurcation,,,,,
HR_panchk_2001,Panchkula,Haryana,2001.0,,Bifurcation,,,,,
HR_bhiwan_1981,Bhiwani,Haryana,1981.0,,Unknown,,,,,
HR_charkh_2024,Charkhi Dadri,Haryana,2024.0,,Bifurcation,,,,,
HR_farida_1981,Faridabad,Haryana,1981.0,,Unknown,,,,,
HR_palwal_2011,Palwal,Haryana,2011.0,,Bifurcation,,,,,
HR_guruga_1951,Gurgaon,Haryana,1951.0,,Original,,,,,
HR_mahend_1951,Mahendragarh,Haryana,1951.0,,Bifurcation,,,,,
HR_nuh_2011,Mewat,Haryana,2011.0,,Bifurcation,,,,,
HR_hisar_1951,Hisar,Haryana,1951.0,,Original,,,,,
HR_sirsa_1981,Sirsa,Haryana,1981.0,,Bifurcation,,,,,
HR_fateha_2001,Fatehabad,Haryana,2001.0,,Bifurcation,,,,,
HR_karnal_1951,Karnal,Haryana,1951.0,,Original,,,,,
HR_kuruks_1981,Kurukshetra,Haryana,1981.0,,Bifurcation,,,,,
HR_panipa_1991,Panipat,Haryana,1991.0,,Bifurcation,,,,,
HR_kaitha_1991,Kaithal,Haryana,1991.0,,Bifurcation,,,,,
HR_rewari_1991,Rewari,Haryana,1991.0,,Bifurcation,,,,,
HR_rohtak_1951,Rohtak,Haryana,1951.0,,Original,,,,,
HR_sonipa_1981,Sonipat,Haryana,1981.0,,Bifurcation,,,,,
HR_jhajja_2001,Jhajjar,Haryana,2001.0,,Bifurcation,,,,,
HR_sangru_1961,Sangrur,Haryana,1961.0,,Unknown,,,,,
HR_jind_1971,Jind,Haryana,1971.0,,Bifurcation,,,,,
GJ_ahmeda_1961,Ahmadabad,Gujarat,1961.0,,Unknown,,,,,
GJ_botad_2024,Botad,Gujarat,2024.0,,Bifurcation,,,,,
GJ_gandhi_1971,Gandhinagar,Gujarat,1971.0,,Bifurcation,,,,,
GJ_banask_1961,Banaskantha,Gujarat,1961.0,,Unknown,,,,,
GJ_baroda_1961,Baroda,Gujarat,1961.0,,Unknown,,,,,
GJ_vadoda_1971,Vadodara,Gujarat,1971.0,,Bifurcation,,,,,
GJ_bharuc_1961,Bharuch,Gujarat,1961.0,,Unknown,,,,,
GJ_narmad_2001,Narmada,Gujarat,2001.0,,Bifurcation,,,,,
GJ_bhavna_1951,Bhavnagar,Gujarat,1951.0,,Original,,,,,
GJ_centra_1951,Central Saurashtra,Gujarat,1951.0,,Original,,,,,
GJ_rajkot_1961,Rajkot,Gujarat,1961.0,,Bifurcation,,,,,
GJ_dangs_1961,Dangs,Gujarat,1961.0,,Unknown,,,,,
GJ_thedan_1971,The Dangs,Gujarat,1971.0,,Bifurcation,,,,,
GJ_jamnag_1951,Halar,Gujarat,1951.0,,Original,,,,,
GJ_devbhu_2024,Devbhumi Dwarka,Gujarat,2024.0,,Bifurcation,,,,,
GJ_morbi_2024,Morbi,Gujarat,2024.0,,Bifurcation,,,,,
GJ_junaga_1951,Junagadh,Gujarat,1951.0,,Original,,,,,
GJ_porban_2001,Porbandar,Gujarat,2001.0,,Bifurcation,,,,,
GJ_girsom_2024,Gir Somnath,Gujarat,2024.0,,Bifurcation,,,,,
GJ_kheda_1961,Kaira,Gujarat,1961.0,,Unknown,,,,,
GJ_anand_2001,Anand,Gujarat,2001.0,,Bifurcation,,,,,
GJ_mahisa_2024,Mahisagar,Gujarat,2024.0,,Bifurcation,,,,,
GJ_kutch_1971,Kutch,Gujarat,1971.0,,Unknown,,,,,
GJ_kachch_1981,Kachchh,Gujarat,1981.0,,Bifurcation,,,,,
GJ_mahesa_1961,Mahesana,Gujarat,1961.0,,Unknown,,,,,
GJ_patan_2001,Patan,Gujarat,2001.0,,Bifurcation,,,,,
GJ_panchm_1951,Panch Mahals,Gujarat,1951.0,,Original,,,,,
GJ_dohad_2001,Dohad,Gujarat,2001.0,,Bifurcation,,,,,
GJ_sabark_1961,Sabar Kantha,Gujarat,1961.0,,Unknown,,,,,
GJ_araval_2024,Aravalli,Gujarat,2024.0,,Bifurcation,,,,,
GJ_surat_1961,Surat,Gujarat,1961.0,,Unknown,,,,,
GJ_valsad_1971,Valsad,Gujarat,1971.0,,Bifurcation,,,,,
GJ_tapi_2011,Tapi,Gujarat,2011.0,,Bifurcation,,,,,
GJ_surend_1961,Surendranagar,Gujarat,1961.0,,Unknown,,,,,
GJ_chhota_2024,Chhota Udepur,Gujarat,2024.0,,Bifurcation,,,,,
GJ_navsar_2001,Navsari,Gujarat,2001.0,,Bifurcation,,,,,
GJ_zalawa_1951,Zalawad,Gujarat,1951.0,,Original,,,,,
GA_goa_1981,Goa,Goa,1981.0,,Unknown,,,,,
GA_northg_1991,North Goa,Goa,1991.0,,Bifurcation,,,,,
GA_southg_1991,South Goa,Goa,1991.0,,Bifurcation,,,,,
DL_delhi_1991,Delhi,Delhi,1991.0,,Unknown,,,,,
DL_northw_2001,North West,Delhi,2001.0,,Bifurcation,,,,,
DL_south_2001,South,Delhi,2001.0,,Bifurcation,,,,,
DL_northe_2001,North East,Delhi,2001.0,,Bifurcation,,,,,
DL_east_2001,East,Delhi,2001.0,,Bifurcation,,,,,
DL_southw_2001,South West,Delhi,2001.0,,Bifurcation,,,,,
DL_shahda_2024,Shahdara,Delhi,2024.0,,Bifurcation,,,,,
DL_north_2024,North,Delhi,2024.0,,Bifurcation,,,,,
DL_southe_2024,South East,Delhi,2024.0,,Bifurcation,,,,,
DL_newdel_2024,New Delhi,Delhi,2024.0,,Bifurcation,,,,,
DA_dadra_2001,Dadra and Nagar Haveli,Dadara & Nagar Havelli,2001.0,,Unknown,,,,,
CG_bastar_1991,Bastar,Chhattisgarh,1991.0,,Unknown,,,,,
CG_kanker_2001,Kanker,Chhattisgarh,2001.0,,Bifurcation,,,,,
CG_dantew_2001,Dantewada,Chhattisgarh,2001.0,,Bifurcation,,,,,
CG_naraya_2011,Narayanpur,Chhattisgarh,2011.0,,Bifurcation,,,,,
CG_kondag_2024,Kondagaon,Chhattisgarh,2024.0,,Bifurcation,,,,,
CG_bilasp_1991,Bilaspur,Chhattisgarh,1991.0,,Unknown,,,,,
CG_korba_2001,Korba,Chhattisgarh,2001.0,,Bifurcation,,,,,
CG_janjgi_2001,Janjgir-Champa,Chhattisgarh,2001.0,,Bifurcation,,,,,
CG_mungel_2024,Mungeli,Chhattisgarh,2024.0,,Bifurcation,,,,,
CG_gaurel_2024,Gaurela-Pendra-Marwahi,Chhattisgarh,2024.0,,Bifurcation,,,,,
CG_dakshi_2011,Dakshin Bastar Dantewada,Chhattisgarh,2011.0,,Unknown,,,,,
CG_sukma_2024,Sukma,Chhattisgarh,2024.0,,Bifurcation,,,,,
CG_bijapu_2011,Bijapur,Chhattisgarh,2011.0,,Bifurcation,,,,,
CG_durg_1971,Durg,Chhattisgarh,1971.0,,Unknown,,,,,
CG_rajnan_1981,Raj Nandgaon,Chhattisgarh,1981.0,,Bifurcation,,,,,
CG_balod_2024,Balod,Chhattisgarh,2024.0,,Bifurcation,,,,,
CG_bemeta_2024,Bemetara,Chhattisgarh,2024.0,,Bifurcation,,,,,
CG_uttarb_2011,Uttar Bastar Kanker,Chhattisgarh,2011.0,,Bifurcation,,,,,
CG_kaward_2001,Kawardha,Chhattisgarh,2001.0,,Unknown,,,,,
CG_kabeer_2011,Kabeerdham,Chhattisgarh,2011.0,,Bifurcation,,,,,
CG_raigar_1991,Raigarh,Chhattisgarh,1991.0,,Unknown,,,,,
CG_jashpu_2001,Jashpur,Chhattisgarh,2001.0,,Bifurcation,,,,,
CG_raipur_1991,Raipur,Chhattisgarh,1991.0,,Unknown,,,,,
CG_mahasa_2001,Mahasamund,Chhattisgarh,2001.0,,Bifurcation,,,,,
CG_dhamta_2001,Dhamtari,Chhattisgarh,2001.0,,Bifurcation,,,,,
CG_baloda_2024,Baloda Bazar,Chhattisgarh,2024.0,,Bifurcation,,,,,
CG_gariya_2024,Gariyaband,Chhattisgarh,2024.0,,Bifurcation,,,,,
CG_surguj_1991,Surguja,Chhattisgarh,1991.0,,Unknown,,,,,
CG_koriya_2001,Koriya,Chhattisgarh,2001.0,,Bifurcation,,,,,
CG_balram_2024,Balrampur,Chhattisgarh,2024.0,,Bifurcation,,,,,
CG_surajp_2024,Surajpur,Chhattisgarh,2024.0,,Bifurcation,,,,,
CH_ambala_1961,Ambala,Chandigarh,1961.0,,Unknown,,,,,
CH_chandi_1971,Chandigarh,Chandigarh,1971.0,,Bifurcation,,,,,
BR_bhagal_1991,Bhagalpur,Bihar,1991.0,,Unknown,,,,,
BR_banka_2001,Banka,Bihar,2001.0,,Bifurcation,,,,,
BR_bhojpu_1981,Bhojpur,Bihar,1981.0,,Unknown,,,,,
BR_buxar_2001,Buxar,Bihar,2001.0,,Bifurcation,,,,,
BR_champa_1971,Champaran,Bihar,1971.0,,Unknown,,,,,
BR_pashch_1981,Pashchim Champaran,Bihar,1981.0,,Bifurcation,,,,,
BR_purbac_1981,Purba Champaran,Bihar,1981.0,,Bifurcation,,,,,
BR_darbha_1971,Darbhanga,Bihar,1971.0,,Unknown,,,,,
BR_madhub_1981,Madhubani,Bihar,1981.0,,Bifurcation,,,,,
BR_samast_1981,Samastipur,Bihar,1981.0,,Bifurcation,,,,,
BR_gaya_1971,Gaya,Bihar,1971.0,,Unknown,,,,,
BR_aurang_1981,Aurangabad,Bihar,1981.0,,Bifurcation,,,,,
BR_nawada_1981,Nawada,Bihar,1981.0,,Bifurcation,,,,,
BR_jehana_1991,Jehanabad,Bihar,1991.0,,Bifurcation,,,,,
BR_arwal_2011,Arwal,Bihar,2011.0,,Bifurcation,,,,,
BR_monghy_1971,Monghyr,Bihar,1971.0,,Unknown,,,,,
BR_begusa_1981,Begusarai,Bihar,1981.0,,Bifurcation,,,,,
BR_munger_1981,Munger,Bihar,1981.0,,Bifurcation,,,,,
BR_khagar_1991,Khagaria,Bihar,1991.0,,Bifurcation,,,,,
BR_lakhis_2001,Lakhisarai,Bihar,2001.0,,Bifurcation,,,,,
BR_sheikh_2001,Sheikhpura,Bihar,2001.0,,Bifurcation,,,,,
BR_jamui_2001,Jamui,Bihar,2001.0,,Bifurcation,,,,,
BR_muzaff_1971,Muzaffarpur,Bihar,1971.0,,Unknown,,,,,
BR_sitama_1981,Sitamarhi,Bihar,1981.0,,Bifurcation,,,,,
BR_vaisha_1981,Vaishali,Bihar,1981.0,,Bifurcation,,,,,
BR_patna_1971,Patna,Bihar,1971.0,,Unknown,,,,,
BR_naland_1981,Nalanda,Bihar,1981.0,,Bifurcation,,,,,
BR_purnea_1971,Purnea,Bihar,1971.0,,Unknown,,,,,
BR_purnia_1981,Purnia,Bihar,1981.0,,Bifurcation,,,,,
BR_katiha_1981,Katihar,Bihar,1981.0,,Bifurcation,,,,,
BR_araria_1991,Araria,Bihar,1991.0,,Bifurcation,,,,,
BR_kishan_1991,Kishanganj,Bihar,1991.0,,Bifurcation,,,,,
BR_rohtas_1981,Rohtas,Bihar,1981.0,,Unknown,,,,,
BR_kaimur_2001,Kaimur (Bhabua),Bihar,2001.0,,Bifurcation,,,,,
BR_sahars_1981,Saharsa,Bihar,1981.0,,Unknown,,,,,
BR_madhep_1991,Madhepura,Bihar,1991.0,,Bifurcation,,,,,
BR_supaul_2001,Supaul,Bihar,2001.0,,Bifurcation,,,,,
BR_saran_1971,Saran,Bihar,1971.0,,Unknown,,,,,
BR_gopalg_1981,Gopalganj,Bihar,1981.0,,Bifurcation,,,,,
BR_siwan_1981,Siwan,Bihar,1981.0,,Bifurcation,,,,,
BR_shahab_1971,Shahabad,Bihar,1971.0,,Unknown,,,,,
BR_sheoha_2001,Sheohar,Bihar,2001.0,,Bifurcation,,,,,
AS_baksa_2011,Baksa,Assam,2011.0,,Unknown,,,,,
AS_tamulp_2024,Tamulpur,Assam,2024.0,,Bifurcation,,,,,
AS_barpet_1991,Barpeta,Assam,1991.0,,Unknown,,,,,
AS_bajali_2024,Bajali,Assam,2024.0,,Bifurcation,,,,,
AS_bongai_1991,Bongaigaon,Assam,1991.0,,Unknown,,,,,
AS_chiran_2011,Chirang,Assam,2011.0,,Bifurcation,,,,,
AS_cachar_1981,Cachar,Assam,1981.0,,Unknown,,,,,
AS_karimg_1991,Karimganj,Assam,1991.0,,Bifurcation,,,,,
AS_hailak_1991,Hailakandi,Assam,1991.0,,Bifurcation,,,,,
AS_darran_1981,Darrang,Assam,1981.0,,Unknown,,,,,
AS_sonitp_1991,Sonitpur,Assam,1991.0,,Bifurcation,,,,,
AS_udalgu_2011,Udalguri,Assam,2011.0,,Bifurcation,,,,,
AS_dhubri_2011,Dhubri,Assam,2011.0,,Unknown,,,,,
AS_souths_2024,South Salmara-Mankachar,Assam,2024.0,,Bifurcation,,,,,
AS_dhubur_1991,Dhuburi,Assam,1991.0,,Unknown,,,,,
AS_dibrug_1981,Dibrugarh,Assam,1981.0,,Unknown,,,,,
AS_tinsuk_1991,Tinsukia,Assam,1991.0,,Bifurcation,,,,,
AS_goalpa_1981,Goalpara,Assam,1981.0,,Unknown,,,,,
AS_kokraj_1991,Kokrajhar,Assam,1991.0,,Bifurcation,,,,,
AS_jorhat_1991,Jorhat,Assam,1991.0,,Unknown,,,,,
AS_majuli_2024,Majuli,Assam,2024.0,,Bifurcation,,,,,
AS_kamrup_1981,Kamrup,Assam,1981.0,,Unknown,,,,,
AS_nalbar_1991,Nalbari,Assam,1991.0,,Bifurcation,,,,,
AS_karbia_1981,Karbi Anglong,Assam,1981.0,,Unknown,,,,,
AS_westka_2024,West Karbi Anglong,Assam,2024.0,,Bifurcation,,,,,
AS_lakhim_1971,Lakhimpur,Assam,1971.0,,Unknown,,,,,
AS_dhemaj_1991,Dhemaji,Assam,1991.0,,Bifurcation,,,,,
AS_mariga_1991,Marigaon,Assam,1991.0,,Unknown,,,,,
AS_moriga_2011,Morigaon,Assam,2011.0,,Bifurcation,,,,,
AS_mikirh_1971,Mikir Hills,Assam,1971.0,,Unknown,,,,,
AS_nagaon_1981,Nagaon,Assam,1981.0,,Unknown,,,,,
AS_hojai_2024,Hojai,Assam,2024.0,,Bifurcation,,,,,
AS_northc_1971,North Cachar Hills,Assam,1971.0,,Unknown,,,,,
AS_dimaha_2011,Dima Hasao,Assam,2011.0,,Bifurcation,,,,,
AS_nowgon_1971,Nowgong,Assam,1971.0,,Unknown,,,,,
AS_sivasa_1981,Sibsagar,Assam,1981.0,,Unknown,,,,,
AS_golagh_1991,Golaghat,Assam,1991.0,,Bifurcation,,,,,
AS_charai_2024,Charaideo,Assam,2024.0,,Bifurcation,,,,,
AS_biswan_2024,Biswanath,Assam,2024.0,,Bifurcation,,,,,
AS_united_1961,United Mikir and North Cachar Hills,Assam,1961.0,,Unknown,,,,,
AR_aborhi_1951,Abor Hills,Arunachal Pradesh,1951.0,,Original,,,,,
AR_siangf_1961,Siang Frontier Division,Arunachal Pradesh,1961.0,,Bifurcation,,,,,
AR_balipa_1951,Balipara Frontier Tract,Arunachal Pradesh,1951.0,,Original,,,,,
AR_kameng_1961,Kameng Frontier,Arunachal Pradesh,1961.0,,Bifurcation,,,,,
AR_subans_1961,Subansiri Frontier,Arunachal Pradesh,1961.0,,Bifurcation,,,,,
AR_dibang_1981,Dibang Valley,Arunachal Pradesh,1981.0,,Unknown,,,,,
AR_lowerd_2011,Lower Dibang Valley,Arunachal Pradesh,2011.0,,Bifurcation,,,,,
AR_eastka_1981,East Kameng,Arunachal Pradesh,1981.0,,Unknown,,,,,
AR_pakkek_2024,Pakke-Kesang,Arunachal Pradesh,2024.0,,Bifurcation,,,,,
AR_eastsi_1981,East Siang,Arunachal Pradesh,1971.0,,Inferred_Backdate,,,,,
AR_uppers_1981,Upper Siang,Arunachal Pradesh,1981.0,,Bifurcation,,,,,
AR_siang_1971,Siang,Arunachal Pradesh,1971.0,,Bifurcation,,,,,
AR_lowers_1981,Lower Siang,Arunachal Pradesh,1981.0,,Bifurcation,,,,,
AR_lepara_2024,Lepa - Rada,Arunachal Pradesh,2024.0,,Bifurcation,,,,,
AR_westka_1981,West Kameng,Arunachal Pradesh,1981.0,,Bifurcation,,,,,
AR_kurung_2011,Kurung Kumey,Arunachal Pradesh,2011.0,,Unknown,,,,,
AR_kradaa_2024,Kra Daadi,Arunachal Pradesh,2024.0,,Bifurcation,,,,,
AR_lohit_1971,Lohit,Arunachal Pradesh,1971.0,,Unknown,,,,,
AR_anjaw_2011,Anjaw,Arunachal Pradesh,2011.0,,Bifurcation,,,,,
AR_namsai_2024,Namsai,Arunachal Pradesh,2024.0,,Bifurcation,,,,,
AR_lohitf_1961,Lohit Frontier Division,Arunachal Pradesh,1961.0,,Unknown,,,,,
AR_papump_2001,Papum Pare,Arunachal Pradesh,2001.0,,Bifurcation,,,,,
AR_kamle_2024,Kamle,Arunachal Pradesh,2024.0,,Bifurcation,,,,,
AR_mishmi_1951,Mishmi Hills,Arunachal Pradesh,1951.0,,Original,,,,,
AR_westsi_1981,West Siang,Arunachal Pradesh,1971.0,,Inferred_Backdate,,,,,
AR_tirap_1971,Tirap,Arunachal Pradesh,1971.0,,Unknown,,,,,
AR_changl_1991,Changlang,Arunachal Pradesh,1991.0,,Bifurcation,,,,,
AR_longdi_2024,Longding,Arunachal Pradesh,2024.0,,Bifurcation,,,,,
AR_tirapf_1951,Tirap Frontier Division,Arunachal Pradesh,1951.0,,Original,,,,,
AR_tawang_1991,Tawang,Arunachal Pradesh,1991.0,,Bifurcation,,,,,
AR_shiyom_2024,Shi-Yomi,Arunachal Pradesh,2024.0,,Bifurcation,,,,,
AP_ananta_2011,Anantapur,Andhra Pradesh,2011.0,,Unknown,,,,,
AP_srisat_2024,Sri Sathya Sai,Andhra Pradesh,2024.0,,Bifurcation,,,,,
AP_chitto_2011,Chittoor,Andhra Pradesh,2011.0,,Unknown,,,,,
AP_annama_2024,Annamayya,Andhra Pradesh,2024.0,,Bifurcation,,,,,
AP_tirupa_2024,Tirupati,Andhra Pradesh,2024.0,,Bifurcation,,,,,
AP_kadapa_2001,Cuddapah,Andhra Pradesh,2001.0,,Unknown,,,,,
AP_ysr_2011,Y.S.R.,Andhra Pradesh,2011.0,,Bifurcation,,,,,
AP_eastgo_2011,East Godavari,Andhra Pradesh,2011.0,,Unknown,,,,,
AP_alluri_2024,Alluri Sitharama Raju,Andhra Pradesh,2024.0,,Bifurcation,,,,,
AP_drbram_2024,Dr. B. R. Ambedkar Konaseema,Andhra Pradesh,2024.0,,Bifurcation,,,,,
AP_kakina_2024,Kakinada,Andhra Pradesh,2024.0,,Bifurcation,,,,,
AP_guntur_1951,Guntur,Andhra Pradesh,1951.0,,Original,,,,,
AP_bapatl_2024,Bapatla,Andhra Pradesh,2024.0,,Bifurcation,,,,,
AP_palnad_2024,Palnadu,Andhra Pradesh,2024.0,,Bifurcation,,,,,
AP_krishn_2011,Krishna,Andhra Pradesh,2011.0,,Unknown,,,,,
AP_ntr_2024,NTR,Andhra Pradesh,2024.0,,Bifurcation,,,,,
AP_kurnoo_1951,Kurnool,Andhra Pradesh,1951.0,,Original,,,,,
AP_nandya_2024,Nandyal,Andhra Pradesh,2024.0,,Bifurcation,,,,,
AP_sripot_1971,Nellore,Andhra Pradesh,1971.0,,Unknown,,,,,
AP_prakas_1981,Prakasam,Andhra Pradesh,1981.0,,Bifurcation,,,,,
AP_srikak_1971,Srikakulam,Andhra Pradesh,1971.0,,Unknown,,,,,
AP_vizian_1981,Vizianagaram,Andhra Pradesh,1981.0,,Bifurcation,,,,,
AP_parvat_2024,Parvathipuram Manyam,Andhra Pradesh,2024.0,,Bifurcation,,,,,
AP_visakh_1961,Visakhapatnam,Andhra Pradesh,1961.0,,Unknown,,,,,
AP_vishak_1981,Vishakhapatnam,Andhra Pradesh,1961.0,,Inferred_Backdate,,,,,
AP_anakap_2024,Anakapalli,Andhra Pradesh,2024.0,,Bifurcation,,,,,
AP_vizaga_1951,Vizagapatnam,Andhra Pradesh,1951.0,,Original,,,,,
AP_westgo_2011,West Godavari,Andhra Pradesh,2011.0,,Unknown,,,,,
AP_eluru_2024,Eluru,Andhra Pradesh,2024.0,,Bifurcation,,,,,
AN_andama_1971,Andaman,Andaman and Nicobar Islands,1971.0,,Unknown,,,,,
AN_nicoba_1981,Nicobar,Andaman and Nicobar Islands,1981.0,,Bifurcation,,,,,
AN_northm_2011,North & Middle Andaman,Andaman and Nicobar Islands,2011.0,,Bifurcation,,,,,
AN_southa_2011,South Andaman,Andaman and Nicobar Islands,2011.0,,Bifurcation,,,,,
AN_adilab_1951,Adilabad,Andhra Pradesh,,,,1951.0,2024.0,,,1.0
RA_ajmer_1951,Ajmer,Rajasthan,,,,1951.0,2024.0,,,1.0
KE_alappu_1951,Alappuzha,Kerala,,,,1951.0,2024.0,,,1.0
RA_alwar_1951,Alwar,Rajasthan,,,,1951.0,2024.0,,,1.0
MA_amrava_1951,Amravati,Maharashtra,,,,1951.0,2024.0,,,1.0
GU_amreli_1951,Amreli,Gujarat,,,,1951.0,2024.0,,,1.0
AR_anjaw_1951,Anjaw,Arunanchal Pradesh,,,,1951.0,2024.0,,,1.0
MA_anuppu_1951,Anuppur,Madhya Pradesh,,,,1951.0,2024.0,,,1.0
MA_balagh_1951,Balaghat,Madhya Pradesh,,,,1951.0,2024.0,,,1.0
UT_ballia_1951,Ballia,Uttar Pradesh,,,,1951.0,2024.0,,,1.0
WE_bankur_1951,Bankura,West Bengal,,,,1951.0,2024.0,,,1.0
RA_banswa_1951,Banswara,Rajasthan,,,,1951.0,2024.0,,,1.0
UT_bareil_1951,Bareilly,Uttar Pradesh,,,,1951.0,2024.0,,,1.0
RA_barmer_1951,Barmer,Rajasthan,,,,1951.0,2024.0,,,1.0
OD_bauda_1951,Bauda,Odisha,,,,1951.0,2024.0,,,1.0
MA_betul_1951,Betul,Madhya Pradesh,,,,1951.0,2024.0,,,1.0
RA_bhilwa_1951,Bhilwara,Rajasthan,,,,1951.0,2024.0,,,1.0
MA_bhind_1951,Bhind,Madhya Pradesh,,,,1951.0,2024.0,,,1.0
KA_bidar_1951,Bidar,Karnataka,,,,1951.0,2024.0,,,1.0
UT_bijnor_1951,Bijnor,Uttar Pradesh,,,,1951.0,2024.0,,,1.0
RA_bikane_1951,Bikaner,Rajasthan,,,,1951.0,2024.0,,,1.0
HI_bilasp_1951,Bilaspur,Himachal Pradesh,,,,1951.0,2024.0,,,1.0
WE_birbhu_1951,Birbhum,West Bengal,,,,1951.0,2024.0,,,1.0
RA_bundi_1951,Bundi,Rajasthan,,,,1951.0,2024.0,,,1.0
HI_chamba_1951,Chamba,Himachal Pradesh,,,,1951.0,2024.0,,,1.0
KA_chamra_1951,Chamrajnagar,Karnataka,,,,1951.0,2024.0,,,1.0
MA_chandr_1951,Chandrapur,Maharashtra,,,,1951.0,2024.0,,,1.0
AR_changl_1951,Changlang,Arunanchal Pradesh,,,,1951.0,2024.0,,,1.0
TA_chenna_1951,Chennai,Tamil Nadu,,,,1951.0,2024.0,,,1.0
MA_chhata_1951,Chhatarpur,Madhya Pradesh,,,,1951.0,2024.0,,,1.0
KA_chitra_1951,Chitradurga,Karnataka,,,,1951.0,2024.0,,,1.0
RA_chitta_1951,Chittaurgarh,Rajasthan,,,,1951.0,2024.0,,,1.0
RA_churu_1951,Churu,Rajasthan,,,,1951.0,2024.0,,,1.0
TA_cuddal_1951,Cuddalore,Tamil Nadu,,,,1951.0,2024.0,,,1.0
DA_dadran_1951,Dadra & Nagar Haveli,Dadara & Nagar Havelli,,,,1951.0,2024.0,,,1.0
WE_dakshi_1951,Dakshin Dinajpur,West Bengal,,,,1951.0,2024.0,,,1.0
DA_daman_1951,Daman,Daman & Diu,,,,1951.0,2024.0,,,1.0
WE_darjil_1951,Darjiling,West Bengal,,,,1951.0,2024.0,,,1.0
JA_datano_1951,Data Not Available,Jammu & Kashmir,,,,1951.0,2024.0,,,1.0
MA_datia_1951,Datia,Madhya Pradesh,,,,1951.0,2024.0,,,1.0
MA_dewas_1951,Dewas,Madhya Pradesh,,,,1951.0,2024.0,,,1.0
MA_dhar_1951,Dhar,Madhya Pradesh,,,,1951.0,2024.0,,,1.0
AR_dibang_1951,Dibang Valley,Arunanchal Pradesh,,,,1951.0,2024.0,,,1.0
DA_diu_1951,Diu,Daman & Diu,,,,1951.0,2024.0,,,1.0
RA_dungar_1951,Dungarpur,Rajasthan,,,,1951.0,2024.0,,,1.0
AR_eastka_1951,East Kameng,Arunanchal Pradesh,,,,1951.0,2024.0,,,1.0
AR_eastsi_1951,East Siang,Arunanchal Pradesh,,,,1951.0,2024.0,,,1.0
UT_fatehp_1951,Fatehpur,Uttar Pradesh,,,,1951.0,2024.0,,,1.0
PU_firozp_1951,Firozpur,Punjab,,,,1951.0,2024.0,,,1.0
MA_garhch_1951,Garhchiroli,Maharashtra,,,,1951.0,2024.0,,,1.0
UT_ghazip_1951,Ghazipur,Uttar Pradesh,,,,1951.0,2024.0,,,1.0
WE_haora_1951,Haora,West Bengal,,,,1951.0,2024.0,,,1.0
UT_hardoi_1951,Hardoi,Uttar Pradesh,,,,1951.0,2024.0,,,1.0
KA_hassan_1951,Hassan,Karnataka,,,,1951.0,2024.0,,,1.0
UT_mahama_1951,Mahamaya Nagar,Uttar Pradesh,,,,1951.0,2024.0,,,1.0
AN_hydera_1951,Hyderabad,Andhra Pradesh,,,,1951.0,2024.0,,,1.0
MA_indore_1951,Indore,Madhya Pradesh,,,,1951.0,2024.0,,,1.0
RA_jaisal_1951,Jaisalmer,Rajasthan,,,,1951.0,2024.0,,,1.0
UT_jalaun_1951,Jalaun,Uttar Pradesh,,,,1951.0,2024.0,,,1.0
MA_jalgao_1951,Jalgaon,Maharashtra,,,,1951.0,2024.0,,,1.0
RA_jalor_1951,Jalor,Rajasthan,,,,1951.0,2024.0,,,1.0
GU_jamnag_1951,Jamnagar,Gujarat,,,,1951.0,2024.0,,,1.0
UT_jaunpu_1951,Jaunpur,Uttar Pradesh,,,,1951.0,2024.0,,,1.0
RA_jhalaw_1951,Jhalawar,Rajasthan,,,,1951.0,2024.0,,,1.0
RA_jodhpu_1951,Jodhpur,Rajasthan,,,,1951.0,2024.0,,,1.0
TA_kanche_1951,Kancheepuram,Tamil Nadu,,,,1951.0,2024.0,,,1.0
TA_kanniy_1951,Kanniyakumari,Tamil Nadu,,,,1951.0,2024.0,,,1.0
KE_kannur_1951,Kannur,Kerala,,,,1951.0,2024.0,,,1.0
UT_kansir_1951,Kansiram Nagar,Uttar Pradesh,,,,1951.0,2024.0,,,1.0
PU_kapurt_1951,Kapurthala,Punjab,,,,1951.0,2024.0,,,1.0
AN_karimn_1951,Karimnagar,Andhra Pradesh,,,,1951.0,2024.0,,,1.0
KE_kasara_1951,Kasaragod,Kerala,,,,1951.0,2024.0,,,1.0
AN_khamma_1951,Khammam,Andhra Pradesh,,,,1951.0,2024.0,,,1.0
GU_kheda_1951,Kheda,Gujarat,,,,1951.0,2024.0,,,1.0
UT_kheri_1951,Kheri,Uttar Pradesh,,,,1951.0,2024.0,,,1.0
WE_kochbi_1951,Koch Bihar,West Bengal,,,,1951.0,2024.0,,,1.0
KA_kodagu_1951,Kodagu,Karnataka,,,,1951.0,2024.0,,,1.0
MA_kolhap_1951,Kolhapur,Maharashtra,,,,1951.0,2024.0,,,1.0
WE_kolkat_1951,Kolkata,West Bengal,,,,1951.0,2024.0,,,1.0
KE_kollam_1951,Kollam,Kerala,,,,1951.0,2024.0,,,1.0
AR_kurung_1951,Kurung Kumey,Arunanchal Pradesh,,,,1951.0,2024.0,,,1.0
MI_lawang_1951,Lawangtlai,Mizoram,,,,1951.0,2024.0,,,1.0
AR_lohit_1951,Lohit,Arunanchal Pradesh,,,,1951.0,2024.0,,,1.0
AR_lowerd_1951,Lower Dibang Valley,Arunanchal Pradesh,,,,1951.0,2024.0,,,1.0
AR_lowers_1951,Lower Subansiri,Arunanchal Pradesh,,,,1951.0,2024.0,,,1.0
UT_luckno_1951,Lucknow,Uttar Pradesh,,,,1951.0,2024.0,,,1.0
PU_ludhia_1951,Ludhiana,Punjab,,,,1951.0,2024.0,,,1.0
AN_mahbub_1951,Mahbubnagar,Andhra Pradesh,,,,1951.0,2024.0,,,1.0
PU_mahe_1951,Mahe,Puducherry,,,,1951.0,2024.0,,,1.0
HI_mandi_1951,Mandi,Himachal Pradesh,,,,1951.0,2024.0,,,1.0
KA_mandya_1951,Mandya,Karnataka,,,,1951.0,2024.0,,,1.0
UT_mathur_1951,Mathura,Uttar Pradesh,,,,1951.0,2024.0,,,1.0
OD_mayurb_1951,Mayurbhanj,Odisha,,,,1951.0,2024.0,,,1.0
AN_medak_1951,Medak,Andhra Pradesh,,,,1951.0,2024.0,,,1.0
WE_murshi_1951,Murshidabad,West Bengal,,,,1951.0,2024.0,,,1.0
WE_nadia_1951,Nadia,West Bengal,,,,1951.0,2024.0,,,1.0
RA_nagaur_1951,Nagaur,Rajasthan,,,,1951.0,2024.0,,,1.0
MA_nagpur_1951,Nagpur,Maharashtra,,,,1951.0,2024.0,,,1.0
AN_nalgon_1951,Nalgonda,Andhra Pradesh,,,,1951.0,2024.0,,,1.0
MA_nanded_1951,Nanded,Maharashtra,,,,1951.0,2024.0,,,1.0
AN_sripot_1951,Sri Potti Sriramulu Nellore,Andhra Pradesh,,,,1951.0,2024.0,,,1.0
AN_nizama_1951,Nizamabad,Andhra Pradesh,,,,1951.0,2024.0,,,1.0
WE_north2_1951,North 24 Parganas,West Bengal,,,,1951.0,2024.0,,,1.0
JH_palamu_1951,Palamu,Jharkhand,,,,1951.0,2024.0,,,1.0
RA_pali_1951,Pali,Rajasthan,,,,1951.0,2024.0,,,1.0
MA_panna_1951,Panna,Madhya Pradesh,,,,1951.0,2024.0,,,1.0
AR_papump_1951,Papum Pare,Arunanchal Pradesh,,,,1951.0,2024.0,,,1.0
UT_pilibh_1951,Pilibhit,Uttar Pradesh,,,,1951.0,2024.0,,,1.0
UT_pratap_1951,Pratapgarh,Uttar Pradesh,,,,1951.0,2024.0,,,1.0
MA_pune_1951,Pune,Maharashtra,,,,1951.0,2024.0,,,1.0
UT_raebar_1951,Rae Bareli,Uttar Pradesh,,,,1951.0,2024.0,,,1.0
MA_raisen_1951,Raisen,Madhya Pradesh,,,,1951.0,2024.0,,,1.0
MA_rajgar_1951,Rajgarh,Madhya Pradesh,,,,1951.0,2024.0,,,1.0
UT_rampur_1951,Rampur,Uttar Pradesh,,,,1951.0,2024.0,,,1.0
AN_rangar_1951,Rangareddy,Andhra Pradesh,,,,1951.0,2024.0,,,1.0
MA_ratlam_1951,Ratlam,Madhya Pradesh,,,,1951.0,2024.0,,,1.0
MA_rewa_1951,Rewa,Madhya Pradesh,,,,1951.0,2024.0,,,1.0
UT_sahara_1951,Saharanpur,Uttar Pradesh,,,,1951.0,2024.0,,,1.0
BI_saranc_1951,Saran (chhapra),Bihar,,,,1951.0,2024.0,,,1.0
MA_satna_1951,Satna,Madhya Pradesh,,,,1951.0,2024.0,,,1.0
PU_shahid_1951,Shahid Bhagat Singh Nagar,Punjab,,,,1951.0,2024.0,,,1.0
UT_shahja_1951,Shahjahanpur,Uttar Pradesh,,,,1951.0,2024.0,,,1.0
HI_shimla_1951,Shimla,Himachal Pradesh,,,,1951.0,2024.0,,,1.0
MA_shivpu_1951,Shivpuri,Madhya Pradesh,,,,1951.0,2024.0,,,1.0
AS_sivasa_1951,Sivasagar,Assam,,,,1951.0,2024.0,,,1.0
RA_sikar_1951,Sikar,Rajasthan,,,,1951.0,2024.0,,,1.0
HI_sirmau_1951,Sirmaur,Himachal Pradesh,,,,1951.0,2024.0,,,1.0
RA_sirohi_1951,Sirohi,Rajasthan,,,,1951.0,2024.0,,,1.0
UT_sitapu_1951,Sitapur,Uttar Pradesh,,,,1951.0,2024.0,,,1.0
WE_south2_1951,South 24 Parganas,West Bengal,,,,1951.0,2024.0,,,1.0
OD_sundar_1951,Sundargarh,Odisha,,,,1951.0,2024.0,,,1.0
AR_tawang_1951,Tawang,Arunanchal Pradesh,,,,1951.0,2024.0,,,1.0
MA_thane_1951,Thane,Maharashtra,,,,1951.0,2024.0,,,1.0
TA_thanja_1951,Thanjavur,Tamil Nadu,,,,1951.0,2024.0,,,1.0
TA_thenil_1951,The Nilgiris,Tamil Nadu,,,,1951.0,2024.0,,,1.0
KE_thiruv_1951,Thiruvananthapuram,Kerala,,,,1951.0,2024.0,,,1.0
TA_thooth_1951,Thoothukkudi,Tamil Nadu,,,,1951.0,2024.0,,,1.0
KE_thriss_1951,Thrissur,Kerala,,,,1951.0,2024.0,,,1.0
AR_tirap_1951,Tirap,Arunanchal Pradesh,,,,1951.0,2024.0,,,1.0
RA_tonk_1951,Tonk,Rajasthan,,,,1951.0,2024.0,,,1.0
MA_ujjain_1951,Ujjain,Madhya Pradesh,,,,1951.0,2024.0,,,1.0
UT_unnao_1951,Unnao,Uttar Pradesh,,,,1951.0,2024.0,,,1.0
AR_uppers_1951,Upper Siang,Arunanchal Pradesh,,,,1951.0,2024.0,,,1.0
AR_uppers_1951,Upper Subansiri,Arunanchal Pradesh,,,,1951.0,2024.0,,,1.0
KA_uttara_1951,Uttara Kannada,Karnataka,,,,1951.0,2024.0,,,1.0
UT_varana_1951,Varanasi,Uttar Pradesh,,,,1951.0,2024.0,,,1.0
TA_virudu_1951,Virudunagar,Tamil Nadu,,,,1951.0,2024.0,,,1.0
AN_warang_1951,Warangal,Andhra Pradesh,,,,1951.0,2024.0,,,1.0
MA_wardha_1951,Wardha,Maharashtra,,,,1951.0,2024.0,,,1.0
AR_westka_1951,West Kameng,Arunanchal Pradesh,,,,1951.0,2024.0,,,1.0
MA_westni_1951,West Nimar,Madhya Pradesh,,,,1951.0,2024.0,,,1.0
AR_westsi_1951,West Siang,Arunanchal Pradesh,,,,1951.0,2024.0,,,1.0
TA_nagapp_1951,Nagappattinam,Tamil Nadu,,,,1951.0,2024.0,,,1.0
PU_karaik_1951,Karaikal,Puducherry,,,,1951.0,2024.0,,,1.0
PU_puduch_1951,Puducherry,Puducherry,,,,1951.0,2024.0,,,1.0
PU_yanam_1951,Yanam,Puducherry,,,,1951.0,2024.0,,,1.0
LA_laksha_1951,Lakshadweep,Lakshadweep,,,,1951.0,2024.0,,,1.0
