{
    "Adilabad|Andhra Pradesh": "TE_adilab_1951",
    "Agra|Uttar Pradesh": "UT_agra_1951",
    "Ahmadabad|Gujarat": "GU_ahmada_1951",
    "Ahmadnagar|Maharashtra": "MA_ahmedn_1951",
    "Aizawl|Mizoram": "MI_aizawl_1951",
    "Ajmer|Rajasthan": "RA_ajmer_1951",
    "Akola|Maharashtra": "MA_akola_1951",
    "Alappuzha|Kerala": "KE_alappu_1951",
    "Aligarh|Uttar Pradesh": "UT_aligar_1951",
    "Alirajpur|Madhya Pradesh": "MA_aliraj_1951",
    "Allahabad|Uttar Pradesh": "UT_allaha_1951",
    "Almora|Uttarakhand": "UT_almora_1951",
    "Alwar|Rajasthan": "RA_alwar_1951",
    "Ambala|Haryana": "HA_ambala_1951",
    "Ambedkar Nagar|Uttar Pradesh": "UT_ambedk_1951",
    "Amravati|Maharashtra": "MA_amrava_1951",
    "Amreli|Gujarat": "GU_amreli_1951",
    "Amritsar|Punjab": "PU_amrits_1951",
    "Anand|Gujarat": "GU_anand_1951",
    "Anantapur|Andhra Pradesh": "AN_ananta_1951",
    "Anantnag|Jammu & Kashmir": "JA_anantn_1951",
    "Anjaw|Arunanchal Pradesh": "AR_anjaw_1951",
    "Anugul|Odisha": "OD_anugul_1951",
    "Anuppur|Madhya Pradesh": "MA_anuppu_1951",
    "Araria|Bihar": "BI_araria_1951",
    "Ariyalur|Tamil Nadu": "TA_ariyal_1951",
    "Ashoknagar|Madhya Pradesh": "MA_ashokn_1951",
    "Auraiya|Uttar Pradesh": "UT_auraiy_1951",
    "Aurangabad|Bihar": "BI_aurang_1951",
    "Aurangabad|Maharashtra": "MA_aurang_1951",
    "Azamgarh|Uttar Pradesh": "UT_azamga_1951",
    "Badgam|Jammu & Kashmir": "JA_badgam_1951",
    "Bagalkot|Karnataka": "KA_bagalk_1951",
    "Bageshwar|Uttarakhand": "UT_bagesh_1951",
    "Baghpat|Uttar Pradesh": "UT_baghpa_1951",
    "Bahraich|Uttar Pradesh": "UT_bahrai_1951",
    "Baksa|Assam": "AS_baksa_1951",
    "Balaghat|Madhya Pradesh": "MA_balagh_1951",
    "Balangir|Odisha": "OD_balang_1951",
    "Baleshwar|Odisha": "OD_balesh_1951",
    "Ballia|Uttar Pradesh": "UT_ballia_1951",
    "Balrampur|Uttar Pradesh": "UT_balram_1951",
    "Banas Kantha|Gujarat": "GU_banask_1951",
    "Banda|Uttar Pradesh": "UT_banda_1951",
    "Bandipore|Jammu & Kashmir": "JA_bandip_1951",
    "Bangalore Rural|Karnataka": "KA_bangal_1951",
    "Bangalore|Karnataka": "KA_bangal_1951",
    "Banka|Bihar": "BI_banka_1951",
    "Bankura|West Bengal": "WE_bankur_1951",
    "Banswara|Rajasthan": "RA_banswa_1951",
    "Bara Banki|Uttar Pradesh": "UT_baraba_1951",
    "Bargarh|Odisha": "OD_bargar_1951",
    "Baramula|Jammu & Kashmir": "JA_baramu_1951",
    "Baran|Rajasthan": "RA_baran_1951",
    "Bareilly|Uttar Pradesh": "UT_bareil_1951",
    "Barmer|Rajasthan": "RA_barmer_1951",
    "Barnala|Punjab": "PU_barnal_1951",
    "Barpeta|Assam": "AS_barpet_1951",
    "Barwani|Madhya Pradesh": "MA_barwan_1951",
    "Bastar|Chhattisgarh": "CH_bastar_1951",
    "Basti|Uttar Pradesh": "UT_basti_1951",
    "Bathinda|Punjab": "PU_bathin_1951",
    "Begusarai|Bihar": "BI_begusa_1951",
    "Belgaum|Karnataka": "KA_belgau_1951",
    "Bellary|Karnataka": "KA_bellar_1951",
    "Betul|Madhya Pradesh": "MA_betul_1951",
    "Bhadrak|Odisha": "OD_bhadra_1951",
    "Bhagalpur|Bihar": "BI_bhagal_1951",
    "Bhandara|Maharashtra": "MA_bhanda_1951",
    "Bharatpur|Rajasthan": "RA_bharat_1951",
    "Bharuch|Gujarat": "GU_bharuc_1951",
    "Bhavnagar|Gujarat": "GU_bhavna_1951",
    "Bhilwara|Rajasthan": "RA_bhilwa_1951",
    "Bhind|Madhya Pradesh": "MA_bhind_1951",
    "Bhiwani|Haryana": "HA_bhiwan_1951",
    "Bhojpur|Bihar": "BI_bhojpu_1951",
    "Bhopal|Madhya Pradesh": "MA_bhopal_1951",
    "Bid|Maharashtra": "KA_bidar_1951",
    "Bidar|Karnataka": "KA_bidar_1951",
    "Bijapur|Chhattisgarh": "CH_bijapu_1951",
    "Bijapur|Karnataka": "KA_bijapu_1951",
    "Bijnor|Uttar Pradesh": "UT_bijnor_1951",
    "Bikaner|Rajasthan": "RA_bikane_1951",
    "Bilaspur|Chhattisgarh": "CH_bilasp_1951",
    "Bilaspur|Himachal Pradesh": "HI_bilasp_1951",
    "Birbhum|West Bengal": "WE_birbhu_1951",
    "Bishnupur|Manipur": "MA_bishnu_1951",
    "Bokaro|Jharkhand": "JH_bokaro_1951",
    "Bongaigaon|Assam": "AS_bongai_1951",
    "Budaun|Uttar Pradesh": "UT_budaun_1951",
    "Bulandshahr|Uttar Pradesh": "UT_buland_1951",
    "Bundi|Rajasthan": "RA_bundi_1951",
    "Burhanpur|Madhya Pradesh": "MA_burhan_1951",
    "Buxar|Bihar": "BI_buxar_1951",
    "Cachar|Assam": "AS_cachar_1951",
    "Chamba|Himachal Pradesh": "HI_chamba_1951",
    "Chamoli|Uttarakhand": "UT_chamol_1951",
    "Champawat|Uttarakhand": "UT_champa_1951",
    "Champhai|Mizoram": "MI_champh_1951",
    "Chandauli|Uttar Pradesh": "UT_chanda_1951",
    "Chandel|Manipur": "MA_chande_1951",
    "Chandigarh|Chandigarh": "CH_chandi_1951",
    "Chandrapur|Maharashtra": "MA_chandr_1951",
    "Changlang|Arunanchal Pradesh": "AR_changl_1951",
    "Chatra|Jharkhand": "JH_chatra_1951",
    "Chennai|Tamil Nadu": "TA_chenna_1951",
    "Chhatarpur|Madhya Pradesh": "MA_chhata_1951",
    "Chhindwara|Madhya Pradesh": "MA_chhind_1951",
    "Chikkaballapura|Karnataka": "KA_chikka_1951",
    "Chirang|Assam": "AS_chiran_1951",
    "Chitradurga|Karnataka": "KA_chitra_1951",
    "Chitrakoot|Uttar Pradesh": "UT_chitra_1951",
    "Chittaurgarh|Rajasthan": "AN_chitto_1951",
    "Chittoor|Andhra Pradesh": "AN_chitto_1951",
    "Churachandpur|Manipur": "MA_churac_1951",
    "Churu|Rajasthan": "RA_churu_1951",
    "Coimbatore|Tamil Nadu": "TA_coimba_1951",
    "Cuddalore|Tamil Nadu": "TA_cuddal_1951",
    "Cuttack|Odisha": "OD_cuttac_1951",
    "Dadra & Nagar Haveli|Dadara & Nagar Havelli": "TH_dadraa_1951",
    "Dakshin Bastar Dantewada|Chhattisgarh": "CH_dakshi_1951",
    "Dakshin Dinajpur|West Bengal": "CH_dakshi_1951",
    "Dakshina Kannada|Karnataka": "KA_dakshi_1951",
    "Daman|Daman & Diu": "TH_daman_1951",
    "Damoh|Madhya Pradesh": "MA_damoh_1951",
    "Darbhanga|Bihar": "BI_darbha_1951",
    "Darrang|Assam": "AS_darran_1951",
    "Datia|Madhya Pradesh": "MA_datia_1951",
    "Dehradun|Uttarakhand": "UT_dehrad_1951",
    "Deoghar|Jharkhand": "JH_deogha_1951",
    "Deoria|Uttar Pradesh": "UT_deoria_1951",
    "Dewas|Madhya Pradesh": "MA_dewas_1951",
    "Dhalai|Tripura": "TR_dhalai_1951",
    "Dhamtari|Chhattisgarh": "CH_dhamta_1951",
    "Dhanbad|Jharkhand": "JH_dhanba_1951",
    "Dhar|Madhya Pradesh": "MA_dhar_1951",
    "Dharmapuri|Tamil Nadu": "TA_dharma_1951",
    "Dharwad|Karnataka": "KA_dharwa_1951",
    "Dhemaji|Assam": "AS_dhemaj_1951",
    "Dhenkanal|Odisha": "OD_dhenka_1951",
    "Dhubri|Assam": "AS_dhubri_1951",
    "Dhule|Maharashtra": "MA_dhule_1951",
    "Dibang Valley|Arunanchal Pradesh": "AR_dibang_1951",
    "Dibrugarh|Assam": "AS_dibrug_1951",
    "Dindigul|Tamil Nadu": "TA_dindig_1951",
    "Dindori|Madhya Pradesh": "MA_dindor_1951",
    "Diu|Daman & Diu": "TH_diu_1951",
    "Doda|Jammu & Kashmir": "JA_doda_1951",
    "Dohad|Gujarat": "GU_dohad_1951",
    "Dumka|Jharkhand": "JH_dumka_1951",
    "Dungarpur|Rajasthan": "RA_dungar_1951",
    "Durg|Chhattisgarh": "CH_durg_1951",
    "Dimapur|Nagaland": "NA_dimapu_1951",
    "East|NCT of Delhi": "AN_eastgo_1951",
    "East|Sikkim": "AN_eastgo_1951",
    "East Garo Hills|Meghalaya": "ME_eastga_1951",
    "East Godavari|Andhra Pradesh": "AN_eastgo_1951",
    "East Kameng|Arunanchal Pradesh": "AR_eastka_1951",
    "East Khasi Hills|Meghalaya": "ME_eastkh_1951",
    "East Nimar|Madhya Pradesh": "MA_khandw_1951",
    "East Siang|Arunanchal Pradesh": "AR_eastsi_1951",
    "Ernakulam|Kerala": "KE_ernaku_1951",
    "Erode|Tamil Nadu": "TA_erode_1951",
    "Etah|Uttar Pradesh": "UT_etah_1951",
    "Etawah|Uttar Pradesh": "UT_etawah_1951",
    "Faizabad|Uttar Pradesh": "UT_faizab_1951",
    "Faridabad|Haryana": "HA_farida_1951",
    "Faridkot|Punjab": "PU_faridk_1951",
    "Farrukhabad|Uttar Pradesh": "UT_farruk_1951",
    "Fatehabad|Haryana": "HA_fateha_1951",
    "Fatehgarh Sahib|Punjab": "PU_fatehg_1951",
    "Fatehpur|Uttar Pradesh": "UT_fatehp_1951",
    "Firozabad|Uttar Pradesh": "UT_firoza_1951",
    "Gadag|Karnataka": "KA_gadag_1951",
    "Gajapati|Odisha": "OD_gajapa_1951",
    "Ganderbal|Jammu & Kashmir": "JA_gander_1951",
    "Gandhinagar|Gujarat": "GU_gandhi_1951",
    "Ganganagar|Rajasthan": "RA_gangan_1951",
    "Ganjam|Odisha": "OD_ganjam_1951",
    "Garhwa|Jharkhand": "JH_garhwa_1951",
    "Garhwal|Uttarakhand": "UT_garhwa_1951",
    "Gautam Buddha Nagar|Uttar Pradesh": "UT_gautam_1951",
    "Gaya|Bihar": "BI_gaya_1951",
    "Ghaziabad|Uttar Pradesh": "UT_ghazia_1951",
    "Ghazipur|Uttar Pradesh": "UT_ghazip_1951",
    "Giridih|Jharkhand": "JH_giridi_1951",
    "Goalpara|Assam": "AS_goalpa_1951",
    "Godda|Jharkhand": "JH_godda_1951",
    "Golaghat|Assam": "AS_golagh_1951",
    "Gonda|Uttar Pradesh": "UT_gonda_1951",
    "Gopalganj|Bihar": "BI_gopalg_1951",
    "Gorakhpur|Uttar Pradesh": "UT_gorakh_1951",
    "Gulbarga|Karnataka": "KA_gulbar_1951",
    "Gumla|Jharkhand": "JH_gumla_1951",
    "Guna|Madhya Pradesh": "MA_guna_1951",
    "Guntur|Andhra Pradesh": "AN_guntur_1951",
    "Gurdaspur|Punjab": "PU_gurdas_1951",
    "Gurgaon|Haryana": "HA_gurgao_1951",
    "Gwalior|Madhya Pradesh": "MA_gwalio_1951",
    "Hailakandi|Assam": "AS_hailak_1951",
    "Hamirpur|Himachal Pradesh": "HI_hamirp_1951",
    "Hamirpur|Uttar Pradesh": "UT_hamirp_1951",
    "Hanumangarh|Rajasthan": "RA_hanuma_1951",
    "Harda|Madhya Pradesh": "MA_harda_1951",
    "Hardoi|Uttar Pradesh": "UT_hardoi_1951",
    "Hassan|Karnataka": "KA_hassan_1951",
    "Mahamaya Nagar|Uttar Pradesh": "UT_hathra_1951",
    "Haveri|Karnataka": "KA_haveri_1951",
    "Hazaribagh|Jharkhand": "JH_hazari_1951",
    "Hingoli|Maharashtra": "MA_hingol_1951",
    "Hisar|Haryana": "HA_hisar_1951",
    "Hoshangabad|Madhya Pradesh": "MA_hoshan_1951",
    "Hoshiarpur|Punjab": "PU_hoshia_1951",
    "Hyderabad|Andhra Pradesh": "TE_hydera_1951",
    "Idukki|Kerala": "KE_idukki_1951",
    "Imphal East|Manipur": "MA_imphal_1951",
    "Imphal West|Manipur": "MA_imphal_1951",
    "Indore|Madhya Pradesh": "MA_indore_1951",
    "Jabalpur|Madhya Pradesh": "MA_jabalp_1951",
    "Jagatsinghapur|Odisha": "OD_jagats_1951",
    "Jaipur|Rajasthan": "RA_jaipur_1951",
    "Jaisalmer|Rajasthan": "RA_jaisal_1951",
    "Jajapur|Odisha": "OD_jajapu_1951",
    "Jalandhar|Punjab": "PU_jaland_1951",
    "Jalaun|Uttar Pradesh": "UT_jalaun_1951",
    "Jalgaon|Maharashtra": "MA_jalgao_1951",
    "Jalna|Maharashtra": "MA_jalna_1951",
    "Jalor|Rajasthan": "RA_jalore_1951",
    "Jalpaiguri|West Bengal": "WE_jalpai_1951",
    "Jammu|Jammu & Kashmir": "JA_jammu_1951",
    "Jamnagar|Gujarat": "GU_jamnag_1951",
    "Jamtara|Jharkhand": "JH_jamtar_1951",
    "Jamui|Bihar": "BI_jamui_1951",
    "Janjgir-champa|Chhattisgarh": "CH_janjgi_1951",
    "Jashpur|Chhattisgarh": "CH_jashpu_1951",
    "Jaunpur|Uttar Pradesh": "UT_jaunpu_1951",
    "Jhabua|Madhya Pradesh": "MA_jhabua_1951",
    "Jhajjar|Haryana": "HA_jhajja_1951",
    "Jhalawar|Rajasthan": "RA_jhalaw_1951",
    "Jhansi|Uttar Pradesh": "UT_jhansi_1951",
    "Jharsuguda|Odisha": "OD_jharsu_1951",
    "Jhunjhunun|Rajasthan": "RA_jhunjh_1951",
    "Jodhpur|Rajasthan": "RA_jodhpu_1951",
    "Jorhat|Assam": "AS_jorhat_1951",
    "Junagadh|Gujarat": "GU_junaga_1951",
    "Jyotiba Phule Nagar|Uttar Pradesh": "UT_amroha_1951",
    "Kachchh|Gujarat": "GU_kachch_1951",
    "Kaimur (bhabua)|Bihar": "BI_kaimur_1951",
    "Kaithal|Haryana": "HA_kaitha_1951",
    "Kalahandi|Odisha": "OD_kalaha_1951",
    "Kamrup|Assam": "AS_kamrup_1951",
    "Kamrup Metropolitan|Assam": "AS_kamrup_1951",
    "Kandhamal|Odisha": "OD_kandha_1951",
    "Kangra|Himachal Pradesh": "HI_kangra_1951",
    "Uttar Bastar Kanker|Chhattisgarh": "CH_kanker_1951",
    "Kannauj|Uttar Pradesh": "UT_kannau_1951",
    "Kanniyakumari|Tamil Nadu": "TA_kanniy_1951",
    "Kannur|Kerala": "KE_kannur_1951",
    "Kanpur Dehat|Uttar Pradesh": "UT_kanpur_1951",
    "Kanpur Nagar|Uttar Pradesh": "UT_kanpur_1951",
    "Kansiram Nagar|Uttar Pradesh": "UT_kasgan_1951",
    "Kapurthala|Punjab": "PU_kapurt_1951",
    "Karbi Anglong|Assam": "AS_karbia_1951",
    "Kargil|Jammu & Kashmir": "JA_kargil_1951",
    "Karimganj|Assam": "AS_karimg_1951",
    "Karimnagar|Andhra Pradesh": "AN_karimn_1951",
    "Karnal|Haryana": "HA_karnal_1951",
    "Karur|Tamil Nadu": "TA_karur_1951",
    "Kasaragod|Kerala": "KE_kasara_1951",
    "Kathua|Jammu & Kashmir": "JA_kathua_1951",
    "Katihar|Bihar": "BI_katiha_1951",
    "Katni|Madhya Pradesh": "MA_katni_1951",
    "Kaushambi|Uttar Pradesh": "UT_kausha_1951",
    "Kendrapara|Odisha": "OD_kendra_1951",
    "Kendujhar|Odisha": "OD_kenduj_1951",
    "Khagaria|Bihar": "BI_khagar_1951",
    "Khammam|Andhra Pradesh": "AN_khamma_1951",
    "Kheda|Gujarat": "GU_kheda_1951",
    "Kheri|Uttar Pradesh": "UT_kheri_1951",
    "Khordha|Odisha": "OD_khordh_1951",
    "Khunti|Jharkhand": "JH_khunti_1951",
    "Kinnaur|Himachal Pradesh": "HI_kinnau_1951",
    "Kiphire|Nagaland": "NA_kiphir_1951",
    "Kishanganj|Bihar": "BI_kishan_1951",
    "Kishtwar|Jammu & Kashmir": "JA_kishtw_1951",
    "Kodagu|Karnataka": "KA_kodagu_1951",
    "Kohima|Nagaland": "NA_kohima_1951",
    "Kokrajhar|Assam": "AS_kokraj_1951",
    "Kolar|Karnataka": "KA_kolar_1951",
    "Kolasib|Mizoram": "MI_kolasi_1951",
    "Kolhapur|Maharashtra": "MA_kolhap_1951",
    "Kollam|Kerala": "KE_kollam_1951",
    "Koppal|Karnataka": "KA_koppal_1951",
    "Koraput|Odisha": "OD_korapu_1951",
    "Korba|Chhattisgarh": "CH_korba_1951",
    "Kota|Rajasthan": "RA_kota_1951",
    "Kottayam|Kerala": "KE_kottay_1951",
    "Kozhikode|Kerala": "KE_kozhik_1951",
    "Krishna|Andhra Pradesh": "AN_krishn_1951",
    "Krishnagiri|Tamil Nadu": "TA_krishn_1951",
    "Kulgam|Jammu & Kashmir": "JA_kulgam_1951",
    "Kullu|Himachal Pradesh": "HI_kullu_1951",
    "Kupwara|Jammu & Kashmir": "JA_kupwar_1951",
    "Kurnool|Andhra Pradesh": "AN_kurnoo_1951",
    "Kurukshetra|Haryana": "HA_kuruks_1951",
    "Kurung Kumey|Arunanchal Pradesh": "AR_kurung_1951",
    "Kushinagar|Uttar Pradesh": "UT_kushin_1951",
    "Lahul & Spiti|Himachal Pradesh": "HI_lahula_1951",
    "Lakhimpur|Assam": "AS_lakhim_1951",
    "Lakhisarai|Bihar": "BI_lakhis_1951",
    "Lalitpur|Uttar Pradesh": "UT_lalitp_1951",
    "Latehar|Jharkhand": "JH_lateha_1951",
    "Latur|Maharashtra": "MA_latur_1951",
    "Leh (ladakh)|Jammu & Kashmir": "LA_lehlad_1951",
    "Lohardaga|Jharkhand": "JH_lohard_1951",
    "Lohit|Arunanchal Pradesh": "AR_lohit_1951",
    "Longleng|Nagaland": "NA_longle_1951",
    "Lower Dibang Valley|Arunanchal Pradesh": "AR_lowerd_1951",
    "Lower Subansiri|Arunanchal Pradesh": "AR_lowers_1951",
    "Lucknow|Uttar Pradesh": "UT_luckno_1951",
    "Ludhiana|Punjab": "PU_ludhia_1951",
    "Lunglei|Mizoram": "MI_lungle_1951",
    "Madhepura|Bihar": "BI_madhep_1951",
    "Madhubani|Bihar": "BI_madhub_1951",
    "Madurai|Tamil Nadu": "TA_madura_1951",
    "Maharajganj|Uttar Pradesh": "UT_mahara_1951",
    "Mahasamund|Chhattisgarh": "CH_mahasa_1951",
    "Mahe|Puducherry": "PU_mahe_1951",
    "Mahendragarh|Haryana": "HA_mahend_1951",
    "Mahesana|Gujarat": "GU_mahesa_1951",
    "Mahoba|Uttar Pradesh": "UT_mahoba_1951",
    "Mainpuri|Uttar Pradesh": "UT_mainpu_1951",
    "Malappuram|Kerala": "KE_malapp_1951",
    "Maldah|West Bengal": "WE_maldah_1951",
    "Malkangiri|Odisha": "OD_malkan_1951",
    "Mamit|Mizoram": "MI_mamit_1951",
    "Mandi|Himachal Pradesh": "HI_mandi_1951",
    "Mandla|Madhya Pradesh": "MA_mandla_1951",
    "Mandsaur|Madhya Pradesh": "MA_mandsa_1951",
    "Mandya|Karnataka": "KA_mandya_1951",
    "Mansa|Punjab": "PU_mansa_1951",
    "Marigaon|Assam": "AS_mariga_1951",
    "Mathura|Uttar Pradesh": "UT_mathur_1951",
    "Mau|Uttar Pradesh": "UT_mau_1951",
    "Mayurbhanj|Odisha": "OD_mayurb_1951",
    "Medak|Andhra Pradesh": "AN_medak_1951",
    "Meerut|Uttar Pradesh": "UT_meerut_1951",
    "Mewat|Haryana": "HA_mewat_1951",
    "Mirzapur|Uttar Pradesh": "UT_mirzap_1951",
    "Moga|Punjab": "PU_moga_1951",
    "Mokokchung|Nagaland": "NA_mokokc_1951",
    "Mon|Nagaland": "NA_mon_1951",
    "Moradabad|Uttar Pradesh": "UT_morada_1951",
    "Morena|Madhya Pradesh": "MA_morena_1951",
    "Muktsar|Punjab": "PU_muktsa_1951",
    "Mumbai|Maharashtra": "MA_mumbai_1951",
    "Mumbai Suburban|Maharashtra": "MA_mumbai_1951",
    "Munger|Bihar": "BI_munger_1951",
    "Murshidabad|West Bengal": "WE_murshi_1951",
    "Muzaffarnagar|Uttar Pradesh": "UT_muzaff_1951",
    "Muzaffarpur|Bihar": "BI_muzaff_1951",
    "Mysore|Karnataka": "KA_mysore_1951",
    "Nabarangapur|Odisha": "OD_nabara_1951",
    "Nadia|West Bengal": "WE_nadia_1951",
    "Nagaon|Assam": "AS_nagaon_1951",
    "Nagaur|Rajasthan": "RA_nagaur_1951",
    "Nagpur|Maharashtra": "MA_nagpur_1951",
    "Nainital|Uttarakhand": "UT_nainit_1951",
    "Nalanda|Bihar": "BI_naland_1951",
    "Nalbari|Assam": "AS_nalbar_1951",
    "Nalgonda|Andhra Pradesh": "AN_nalgon_1951",
    "Namakkal|Tamil Nadu": "TA_namakk_1951",
    "Nanded|Maharashtra": "MA_nanded_1951",
    "Nandurbar|Maharashtra": "MA_nandur_1951",
    "Narayanpur|Chhattisgarh": "CH_naraya_1951",
    "Narmada|Gujarat": "GU_narmad_1951",
    "Narsimhapur|Madhya Pradesh": "MA_narsin_1951",
    "Nashik|Maharashtra": "MA_nashik_1951",
    "Navsari|Gujarat": "GU_navsar_1951",
    "Nawada|Bihar": "BI_nawada_1951",
    "Nayagarh|Odisha": "OD_nayaga_1951",
    "Neemuch|Madhya Pradesh": "MA_neemuc_1951",
    "Sri Potti Sriramulu Nellore|Andhra Pradesh": "AN_sripot_1951",
    "Nizamabad|Andhra Pradesh": "AN_nizama_1951",
    "North|NCT of Delhi": "AN_northa_1951",
    "North|Sikkim": "AN_northa_1951",
    "North 24 Parganas|West Bengal": "WE_north2_1951",
    "Dima Hasao|Assam": "AS_dimaha_1951",
    "North Goa|Goa": "GO_northg_1951",
    "North Tripura|Tripura": "TR_northt_1951",
    "Nuapada|Odisha": "OD_nuapad_1951",
    "Osmanabad|Maharashtra": "MA_osmana_1951",
    "Pakur|Jharkhand": "JH_pakur_1951",
    "Palakkad|Kerala": "KE_palakk_1951",
    "Palamu|Jharkhand": "JH_palamu_1951",
    "Pali|Rajasthan": "RA_pali_1951",
    "Palwal|Haryana": "HA_palwal_1951",
    "Panch Mahals|Gujarat": "GU_panchm_1951",
    "Panchkula|Haryana": "HA_panchk_1951",
    "Panipat|Haryana": "HA_panipa_1951",
    "Panna|Madhya Pradesh": "MA_panna_1951",
    "Papum Pare|Arunanchal Pradesh": "AR_papump_1951",
    "Parbhani|Maharashtra": "MA_parbha_1951",
    "Pashchim Champaran|Bihar": "BI_pashch_1951",
    "Pashchim Medinipur|West Bengal": "WE_pashch_1951",
    "Pashchimi Singhbhum|Jharkhand": "BI_pashch_1951",
    "Patan|Gujarat": "GU_patan_1951",
    "Pathanamthitta|Kerala": "KE_pathan_1951",
    "Patiala|Punjab": "PU_patial_1951",
    "Patna|Bihar": "BI_patna_1951",
    "Perambalur|Tamil Nadu": "TA_peramb_1951",
    "Peren|Nagaland": "NA_peren_1951",
    "Phek|Nagaland": "NA_phek_1951",
    "Pilibhit|Uttar Pradesh": "UT_pilibh_1951",
    "Pithoragarh|Uttarakhand": "UT_pithor_1951",
    "Porbandar|Gujarat": "GU_porban_1951",
    "Prakasam|Andhra Pradesh": "AN_prakas_1951",
    "Pratapgarh|Rajasthan": "RA_pratap_1951",
    "Pratapgarh|Uttar Pradesh": "UT_pratap_1951",
    "Pudukkottai|Tamil Nadu": "TA_pudukk_1951",
    "Pulwama|Jammu & Kashmir": "JA_pulwam_1951",
    "Punch|Jammu & Kashmir": "JA_poonch_1951",
    "Pune|Maharashtra": "MA_pune_1951",
    "Purba Medinipur|West Bengal": "WE_purbam_1951",
    "Purbi Singhbhum|Jharkhand": "AR_eastsi_1951",
    "Puri|Odisha": "OD_puri_1951",
    "Purnia|Bihar": "BI_purnia_1951",
    "Puruliya|West Bengal": "WE_puruli_1951",
    "Rae Bareli|Uttar Pradesh": "UT_raebar_1951",
    "Raichur|Karnataka": "KA_raichu_1951",
    "Raigarh|Chhattisgarh": "CH_raigar_1951",
    "Raigarh|Maharashtra": "CH_raigar_1951",
    "Raipur|Chhattisgarh": "CH_raipur_1951",
    "Raisen|Madhya Pradesh": "MA_raisen_1951",
    "Rajgarh|Madhya Pradesh": "MA_rajgar_1951",
    "Rajkot|Gujarat": "GU_rajkot_1951",
    "Rajnandgaon|Chhattisgarh": "CH_rajnan_1951",
    "Rajsamand|Rajasthan": "RA_rajsam_1951",
    "Ramanagara|Karnataka": "KA_ramana_1951",
    "Ramanathapuram|Tamil Nadu": "TA_ramana_1951",
    "Ramban|Jammu & Kashmir": "JA_ramban_1951",
    "Ramgarh|Jharkhand": "JH_ramgar_1951",
    "Rampur|Uttar Pradesh": "UT_rampur_1951",
    "Ranchi|Jharkhand": "JH_ranchi_1951",
    "Rangareddy|Andhra Pradesh": "AN_rangar_1951",
    "Ratlam|Madhya Pradesh": "MA_ratlam_1951",
    "Ratnagiri|Maharashtra": "MA_ratnag_1951",
    "Rayagada|Odisha": "OD_rayaga_1951",
    "Reasi|Jammu & Kashmir": "JA_reasi_1951",
    "Rewa|Madhya Pradesh": "MA_rewa_1951",
    "Rewari|Haryana": "HA_rewari_1951",
    "Ri Bhoi|Meghalaya": "ME_ribhoi_1951",
    "Rohtak|Haryana": "HA_rohtak_1951",
    "Rohtas|Bihar": "BI_rohtas_1951",
    "Rudraprayag|Uttarakhand": "UT_rudrap_1951",
    "Rupnagar|Punjab": "PU_rupnag_1951",
    "Sabar Kantha|Gujarat": "GU_sabark_1951",
    "Sagar|Madhya Pradesh": "MA_sagar_1951",
    "Saharanpur|Uttar Pradesh": "UT_sahara_1951",
    "Saharsa|Bihar": "BI_sahars_1951",
    "Sahibganj|Jharkhand": "JH_sahebg_1951",
    "Saiha|Mizoram": "MI_saiha_1951",
    "Salem|Tamil Nadu": "TA_salem_1951",
    "Samastipur|Bihar": "BI_samast_1951",
    "Samba|Jammu & Kashmir": "JA_samba_1951",
    "Sambalpur|Odisha": "OD_sambal_1951",
    "Sangli|Maharashtra": "MA_sangli_1951",
    "Sangrur|Punjab": "PU_sangru_1951",
    "Sant Kabir Nagar|Uttar Pradesh": "UT_santka_1951",
    "Sant Ravi Das Nagar(bhadohi)|Uttar Pradesh": "UT_santra_1951",
    "Saraikela-kharsawan|Jharkhand": "JH_saraik_1951",
    "Saran (chhapra)|Bihar": "BI_saran_1951",
    "Satara|Maharashtra": "MA_satara_1951",
    "Satna|Madhya Pradesh": "MA_satna_1951",
    "Sehore|Madhya Pradesh": "MA_sehore_1951",
    "Senapati|Manipur": "MA_senapa_1951",
    "Seoni|Madhya Pradesh": "MA_seoni_1951",
    "Serchhip|Mizoram": "MI_serchh_1951",
    "Shahdol|Madhya Pradesh": "MA_shahdo_1951",
    "Shahid Bhagat Singh Nagar|Punjab": "PU_shahid_1951",
    "Shahjahanpur|Uttar Pradesh": "UT_shahja_1951",
    "Shajapur|Madhya Pradesh": "MA_shajap_1951",
    "Sheikhpura|Bihar": "BI_sheikh_1951",
    "Sheohar|Bihar": "BI_sheoha_1951",
    "Sheopur|Madhya Pradesh": "MA_sheopu_1951",
    "Shimla|Himachal Pradesh": "HI_shimla_1951",
    "Shimoga|Karnataka": "KA_shimog_1951",
    "Shivpuri|Madhya Pradesh": "MA_shivpu_1951",
    "Sivasagar|Assam": "AS_sivasa_1951",
    "Siddharth Nagar|Uttar Pradesh": "UT_siddha_1951",
    "Sidhi|Madhya Pradesh": "MA_sidhi_1951",
    "Sikar|Rajasthan": "RA_sikar_1951",
    "Simdega|Jharkhand": "JH_simdeg_1951",
    "Sindhudurg|Maharashtra": "MA_sindhu_1951",
    "Singrauli|Madhya Pradesh": "MA_singra_1951",
    "Sirmaur|Himachal Pradesh": "HI_sirmau_1951",
    "Sirohi|Rajasthan": "RA_sirohi_1951",
    "Sirsa|Haryana": "HA_sirsa_1951",
    "Sitamarhi|Bihar": "BI_sitama_1951",
    "Sitapur|Uttar Pradesh": "UT_sitapu_1951",
    "Sivaganga|Tamil Nadu": "TA_sivaga_1951",
    "Siwan|Bihar": "BI_siwan_1951",
    "Solan|Himachal Pradesh": "HI_solan_1951",
    "Solapur|Maharashtra": "MA_solapu_1951",
    "Subarnapur|Odisha": "OD_sonepu_1951",
    "Sonbhadra|Uttar Pradesh": "UT_sonbha_1951",
    "Sonipat|Haryana": "HA_sonipa_1951",
    "Sonitpur|Assam": "AS_sonitp_1951",
    "South|NCT of Delhi": "AN_southa_1951",
    "South|Sikkim": "AN_southa_1951",
    "South 24 Parganas|West Bengal": "WE_south2_1951",
    "South Garo Hills|Meghalaya": "GO_southg_1951",
    "South Goa|Goa": "GO_southg_1951",
    "South Tripura|Tripura": "TR_southt_1951",
    "South West|NCT of Delhi": "ME_southw_1951",
    "Srikakulam|Andhra Pradesh": "AN_srikak_1951",
    "Srinagar|Jammu & Kashmir": "JA_srinag_1951",
    "Sultanpur|Uttar Pradesh": "UT_sultan_1951",
    "Sundargarh|Odisha": "OD_sundar_1951",
    "Supaul|Bihar": "BI_supaul_1951",
    "Surat|Gujarat": "GU_surat_1951",
    "Surendranagar|Gujarat": "GU_surend_1951",
    "Surguja|Chhattisgarh": "CH_surguj_1951",
    "Tamenglong|Manipur": "MA_tameng_1951",
    "Tarn Taran|Punjab": "PU_tarnta_1951",
    "Tawang|Arunanchal Pradesh": "AR_tawang_1951",
    "Tehri Garhwal|Uttarakhand": "UT_tehrig_1951",
    "Thane|Maharashtra": "MA_thane_1951",
    "Thanjavur|Tamil Nadu": "TA_thanja_1951",
    "The Dangs|Gujarat": "GU_dangs_1951",
    "The Nilgiris|Tamil Nadu": "TA_theni_1951",
    "Theni|Tamil Nadu": "TA_theni_1951",
    "Thiruvallur|Tamil Nadu": "TA_thiruv_1951",
    "Thiruvananthapuram|Kerala": "KE_thiruv_1951",
    "Thiruvarur|Tamil Nadu": "TA_thiruv_1951",
    "Thoothukkudi|Tamil Nadu": "TA_tutico_1951",
    "Thoubal|Manipur": "MA_thouba_1951",
    "Thrissur|Kerala": "KE_thriss_1951",
    "Tikamgarh|Madhya Pradesh": "MA_tikamg_1951",
    "Tinsukia|Assam": "AS_tinsuk_1951",
    "Tirap|Arunanchal Pradesh": "AR_tirap_1951",
    "Tiruchirappalli|Tamil Nadu": "TA_tiruch_1951",
    "Tirunelveli|Tamil Nadu": "TA_tirune_1951",
    "Tiruppur|Tamil Nadu": "TA_tirupp_1951",
    "Tiruvannamalai|Tamil Nadu": "TA_tiruva_1951",
    "Tonk|Rajasthan": "RA_tonk_1951",
    "Tuensang|Nagaland": "NA_tuensa_1951",
    "Tumkur|Karnataka": "KA_tumkur_1951",
    "Udaipur|Rajasthan": "RA_udaipu_1951",
    "Udalguri|Assam": "AS_udalgu_1951",
    "Udhampur|Jammu & Kashmir": "JA_udhamp_1951",
    "Udham Singh Nagar|Uttarakhand": "UT_udhams_1951",
    "Udupi|Karnataka": "KA_udupi_1951",
    "Ujjain|Madhya Pradesh": "MA_ujjain_1951",
    "Ukhrul|Manipur": "MA_ukhrul_1951",
    "Umaria|Madhya Pradesh": "MA_umaria_1951",
    "Una|Himachal Pradesh": "HI_una_1951",
    "Unnao|Uttar Pradesh": "UT_unnao_1951",
    "Upper Siang|Arunanchal Pradesh": "AR_uppers_1951",
    "Upper Subansiri|Arunanchal Pradesh": "AR_uppers_1951",
    "Uttar Dinajpur|West Bengal": "WE_uttard_1951",
    "Uttara Kannada|Karnataka": "KA_uttara_1951",
    "Uttarkashi|Uttarakhand": "UT_uttark_1951",
    "Vadodara|Gujarat": "GU_vadoda_1951",
    "Vaishali|Bihar": "BI_vaisha_1951",
    "Valsad|Gujarat": "GU_valsad_1951",
    "Varanasi|Uttar Pradesh": "UT_varana_1951",
    "Vellore|Tamil Nadu": "TA_vellor_1951",
    "Vidisha|Madhya Pradesh": "MA_vidish_1951",
    "Viluppuram|Tamil Nadu": "TA_villup_1951",
    "Virudunagar|Tamil Nadu": "TA_virudh_1951",
    "Visakhapatnam|Andhra Pradesh": "AN_visakh_1951",
    "Vizianagaram|Andhra Pradesh": "AN_vizian_1951",
    "Warangal|Andhra Pradesh": "AN_warang_1951",
    "Wardha|Maharashtra": "MA_wardha_1951",
    "Washim|Maharashtra": "MA_washim_1951",
    "Wayanad|Kerala": "KE_wayana_1951",
    "West|NCT of Delhi": "AN_westgo_1951",
    "West|Sikkim": "AN_westgo_1951",
    "West Garo Hills|Meghalaya": "ME_westga_1951",
    "West Godavari|Andhra Pradesh": "AN_westgo_1951",
    "West Kameng|Arunanchal Pradesh": "AR_westka_1951",
    "West Khasi Hills|Meghalaya": "ME_westkh_1951",
    "West Nimar|Madhya Pradesh": "MA_khargo_1951",
    "West Siang|Arunanchal Pradesh": "AR_westsi_1951",
    "West Tripura|Tripura": "TR_westtr_1951",
    "Wokha|Nagaland": "NA_wokha_1951",
    "Yavatmal|Maharashtra": "MA_yavatm_1951",
    "Zunheboto|Nagaland": "NA_zunheb_1951",
    "Yamunanagar|Haryana": "HA_yamuna_1951",
    "Jind|Haryana": "HA_jind_1951",
    "Dausa|Rajasthan": "RA_dausa_1951",
    "Karauli|Rajasthan": "RA_karaul_1951",
    "Sawai Madhopur|Rajasthan": "RA_sawaim_1951",
    "Arwal|Bihar": "BI_arwal_1951",
    "Jehanabad|Bihar": "BI_jehana_1951",
    "Karaikal|Puducherry": "PU_karaik_1951",
    "Yanam|Puducherry": "PU_yanam_1951",
    "Tapi|Gujarat": "GU_tapi_1951",
    "Nicobar|Andaman & Nicobar Island": "AN_nicoba_1951",
    "South Andaman|Andaman & Nicobar Island": "AN_southa_1951",
    "North & Middle Andaman|Andaman & Nicobar Island": "AN_northa_1951"
}