{
  "Adilabad|Andhra Pradesh": "AN_adilab_1951",
  "Agra|Uttar Pradesh": "UT_agra_1951",
  "Ahmadabad|Gujarat": "GU_ahmeda_1951",
  "Ahmadnagar|Maharashtra": "MA_ahmedn_1951",
  "Aizawl|Mizoram": "MI_aizawl_1951",
  "Ajmer|Rajasthan": "RA_ajmer_1951",
  "Akola|Maharashtra": "MA_akola_1951",
  "Alappuzha|Kerala": "KL_alappu_1951",
  "Aligarh|Uttar Pradesh": "UT_aligar_1951",
  "Alirajpur|Madhya Pradesh": "MP_aliraj_2011",
  "Allahabad|Uttar Pradesh": "UT_allaha_1951",
  "Almora|Uttarakhand": "UT_almora_1951",
  "Alwar|Rajasthan": "RA_alwar_1951",
  "Ambala|Haryana": "HA_ambala_1951",
  "Ambedkar Nagar|Uttar Pradesh": "UT_ambedk_1951",
  "Amravati|Maharashtra": "MA_amrava_1951",
  "Amreli|Gujarat": "GU_amreli_1951",
  "Amritsar|Punjab": "PU_amrits_1951",
  "Anand|Gujarat": "GU_anand_1951",
  "Anantapur|Andhra Pradesh": "AP_ananta_2011",
  "Anantnag|Jammu & Kashmir": "JK_anantn_1961",
  "Anjaw|Arunanchal Pradesh": "AR_anjaw_1951",
  "Anugul|Odisha": "OD_anugul_1951",
  "Anuppur|Madhya Pradesh": "MA_anuppu_1951",
  "Araria|Bihar": "BI_araria_1951",
  "Ariyalur|Tamil Nadu": "TA_ariyal_1951",
  "Arwal|Bihar": "BI_arwal_1951",
  "Ashoknagar|Madhya Pradesh": "MP_ashokn_2011",
  "Auraiya|Uttar Pradesh": "UT_auraiy_1951",
  "Aurangabad|Bihar": "BI_aurang_1951",
  "Aurangabad|Maharashtra": "MA_aurang_1951",
  "Azamgarh|Uttar Pradesh": "UT_azamga_1951",
  "Badgam|Jammu & Kashmir": "JK_badgam_1981",
  "Bagalkot|Karnataka": "KA_bagalk_1951",
  "Bageshwar|Uttarakhand": "UT_bagesh_1951",
  "Baghpat|Uttar Pradesh": "UT_baghpa_1951",
  "Bahraich|Uttar Pradesh": "UT_bahrai_1951",
  "Baksa|Assam": "AS_baksa_1951",
  "Balaghat|Madhya Pradesh": "MA_balagh_1951",
  "Balangir|Odisha": "OD_balang_1951",
  "Baleshwar|Odisha": "OD_balesh_1951",
  "Ballia|Uttar Pradesh": "UT_ballia_1951",
  "Balrampur|Uttar Pradesh": "UT_balram_1951",
  "Banas Kantha|Gujarat": "GU_banask_1951",
  "Banda|Uttar Pradesh": "UT_banda_1951",
  "Bandipore|Jammu & Kashmir": "JK_bandip_2011",
  "Bangalore Rural|Karnataka": "KA_bangal_1951",
  "Bangalore|Karnataka": "KA_bangal_1951",
  "Banka|Bihar": "BI_banka_1951",
  "Bankura|West Bengal": "WE_bankur_1951",
  "Banswara|Rajasthan": "RA_banswa_1951",
  "Bara Banki|Uttar Pradesh": "UT_baraba_1951",
  "Baramula|Jammu & Kashmir": "JK_baramu_1961",
  "Baran|Rajasthan": "RA_baran_1951",
  "Barddhaman|West Bengal": "WE_barddh_1951",
  "Bareilly|Uttar Pradesh": "UT_bareil_1951",
  "Bargarh|Odisha": "OD_bargar_1951",
  "Barmer|Rajasthan": "RA_barmer_1951",
  "Barnala|Punjab": "PU_barnal_1951",
  "Barpeta|Assam": "AS_barpet_1951",
  "Barwani|Madhya Pradesh": "MP_barwan_2001",
  "Bastar|Chhattisgarh": "CH_bastar_1951",
  "Basti|Uttar Pradesh": "UT_basti_1951",
  "Bathinda|Punjab": "PU_bhatin_1951",
  "Bauda|Odisha": "OD_bauda_1951",
  "Begusarai|Bihar": "BI_begusa_1951",
  "Belgaum|Karnataka": "KA_belgau_1951",
  "Bellary|Karnataka": "KA_bellar_1951",
  "Betul|Madhya Pradesh": "MA_betul_1951",
  "Bhadrak|Odisha": "OD_bhadra_1951",
  "Bhagalpur|Bihar": "BI_bhagal_1951",
  "Bhandara|Maharashtra": "MA_bhanda_1951",
  "Bharatpur|Rajasthan": "RA_bharat_1951",
  "Bharuch|Gujarat": "GU_bharuc_1951",
  "Bhavnagar|Gujarat": "GU_bhavna_1951",
  "Bhilwara|Rajasthan": "RA_bhilwa_1951",
  "Bhind|Madhya Pradesh": "MA_bhind_1951",
  "Bhiwani|Haryana": "HA_bhiwan_1951",
  "Bhojpur|Bihar": "BI_bhojpu_1951",
  "Bhopal|Madhya Pradesh": "MP_bhopal_1981",
  "Bidar|Karnataka": "KA_bidar_1951",
  "Bid|Maharashtra": "MA_bid_1981",
  "Bijapur|Chhattisgarh": "CH_bijapu_1951",
  "Bijapur|Karnataka": "KA_bijapu_1951",
  "Bijnor|Uttar Pradesh": "UT_bijnor_1951",
  "Bikaner|Rajasthan": "RA_bikane_1951",
  "Bilaspur|Chhattisgarh": "CH_bilasp_1951",
  "Bilaspur|Himachal Pradesh": "HI_bilasp_1951",
  "Birbhum|West Bengal": "WE_birbhu_1951",
  "Bishnupur|Manipur": "MN_bishnu_1991",
  "Bokaro|Jharkhand": "JH_bokaro_1951",
  "Bongaigaon|Assam": "AS_bongai_1951",
  "Budaun|Uttar Pradesh": "UT_budaun_1951",
  "Bulandshahr|Uttar Pradesh": "UT_buland_1951",
  "Buldana|Maharashtra": "MA_buldan_1951",
  "Bundi|Rajasthan": "RA_bundi_1951",
  "Burhanpur|Madhya Pradesh": "MP_burhan_2011",
  "Buxar|Bihar": "BI_buxar_1951",
  "Cachar|Assam": "AS_cachar_1951",
  "Central|NCT of Delhi": "NC_centra_2001",
  "Chamba|Himachal Pradesh": "HI_chamba_1951",
  "Chamoli|Uttarakhand": "UT_chamol_1951",
  "Champawat|Uttarakhand": "UT_champa_1951",
  "Champhai|Mizoram": "MI_champh_1951",
  "Chamrajnagar|Karnataka": "KA_chamra_1951",
  "Chandauli|Uttar Pradesh": "UT_chanda_1951",
  "Chandel|Manipur": "MN_tengno_1951",
  "Chandigarh|Chandigarh": "CH_chandi_1951",
  "Chandrapur|Maharashtra": "MA_chandr_1951",
  "Changlang|Arunanchal Pradesh": "AR_changl_1951",
  "Chatra|Jharkhand": "JH_chatra_1951",
  "Chennai|Tamil Nadu": "TA_chenna_1951",
  "Chhatarpur|Madhya Pradesh": "MA_chhata_1951",
  "Chhindwara|Madhya Pradesh": "MP_chhind_1951",
  "Chikkaballapura|Karnataka": "KA_chikma_2011",
  "Chikmagalur|Karnataka": "KA_chikma_2011",
  "Chirang|Assam": "AS_chiran_1951",
  "Chitradurga|Karnataka": "KA_chitra_1951",
  "Chitrakoot|Uttar Pradesh": "UT_chitra_1951",
  "Chittaurgarh|Rajasthan": "RA_chitta_1951",
  "Chittoor|Andhra Pradesh": "AP_chitto_2011",
  "Churachandpur|Manipur": "MN_churac_1991",
  "Churu|Rajasthan": "RA_churu_1951",
  "Coimbatore|Tamil Nadu": "TA_coimba_1951",
  "Cuddalore|Tamil Nadu": "TA_cuddal_1951",
  "Cuttack|Odisha": "OD_cuttac_1951",
  "Dadra & Nagar Haveli|Dadara & Nagar Havelli": "DD_dadran_1951",
  "Dakshin Bastar Dantewada|Chhattisgarh": "CH_dakshi_1951",
  "Dakshin Dinajpur|West Bengal": "WE_dakshi_1951",
  "Dakshina Kannada|Karnataka": "KA_dakshi_1951",
  "Daman|Daman & Diu": "DD_daman_1951",
  "Damoh|Madhya Pradesh": "MP_damoh_1961",
  "Darbhanga|Bihar": "BI_darbha_1951",
  "Darjiling|West Bengal": "WE_darjil_1951",
  "Darrang|Assam": "AS_darran_1951",
  "Data Not Available|Jammu & Kashmir": "JK_datano_1951",
  "Datia|Madhya Pradesh": "MA_datia_1951",
  "Dausa|Rajasthan": "RA_dausa_1951",
  "Davanagere|Karnataka": "KA_davana_2001",
  "Debagarh|Odisha": "OD_debaga_2001",
  "Dehradun|Uttarakhand": "UT_dehrad_1951",
  "Deoghar|Jharkhand": "JH_deogha_1951",
  "Deoria|Uttar Pradesh": "UT_deoria_1951",
  "Dewas|Madhya Pradesh": "MA_dewas_1951",
  "Dhalai|Tripura": "TR_dhalai_1951",
  "Dhamtari|Chhattisgarh": "CH_dhamta_1951",
  "Dhanbad|Jharkhand": "JH_dhanba_1951",
  "Dharmapuri|Tamil Nadu": "TA_dharma_1951",
  "Dharwad|Karnataka": "KA_dharwa_1951",
  "Dhar|Madhya Pradesh": "MA_dhar_1951",
  "Dhaulpur|Rajasthan": "RA_dhaulp_1991",
  "Dhemaji|Assam": "AS_dhemaj_1951",
  "Dhenkanal|Odisha": "OD_dhenka_1951",
  "Dhubri|Assam": "AS_dhubri_1951",
  "Dhule|Maharashtra": "MA_dhule_1951",
  "Dibang Valley|Arunanchal Pradesh": "AR_dibang_1951",
  "Dibrugarh|Assam": "AS_dibrug_1951",
  "Dima Hasao|Assam": "AS_dimaha_1951",
  "Dimapur|Nagaland": "NL_dimapu_2001",
  "Dindigul|Tamil Nadu": "TA_dindig_1951",
  "Dindori|Madhya Pradesh": "MP_dindor_2001",
  "Diu|Daman & Diu": "DD_diu_1951",
  "Doda|Jammu & Kashmir": "JK_doda_1961",
  "Dohad|Gujarat": "GU_dohad_1951",
  "Dumka|Jharkhand": "JH_dumka_1951",
  "Dungarpur|Rajasthan": "RA_dungar_1951",
  "Durg|Chhattisgarh": "CH_durg_1951",
  "East Garo Hills|Meghalaya": "ML_eastga_1981",
  "East Godavari|Andhra Pradesh": "AP_eastgo_2011",
  "East Kameng|Arunanchal Pradesh": "AR_eastka_1951",
  "East Khasi Hills|Meghalaya": "ML_eastkh_1981",
  "East Nimar|Madhya Pradesh": "MP_khandw_1961",
  "East Siang|Arunanchal Pradesh": "AR_eastsi_1951",
  "East|NCT of Delhi": "DL_east_2001",
  "East|Sikkim": "SK_eastdi_1981",
  "Ernakulam|Kerala": "KL_ernaku_1961",
  "Erode|Tamil Nadu": "TA_erode_1951",
  "Etah|Uttar Pradesh": "UT_etah_1951",
  "Etawah|Uttar Pradesh": "UT_etawah_1951",
  "Faizabad|Uttar Pradesh": "UT_ayodhy_1991",
  "Faridabad|Haryana": "HA_farida_1951",
  "Faridkot|Punjab": "PU_faridk_1951",
  "Farrukhabad|Uttar Pradesh": "UT_farruk_1951",
  "Fatehabad|Haryana": "HA_fateha_1951",
  "Fatehgarh Sahib|Punjab": "PU_fatehg_1951",
  "Fatehpur|Uttar Pradesh": "UT_fatehp_1951",
  "Firozabad|Uttar Pradesh": "UT_firoza_1951",
  "Firozpur|Punjab": "PU_firozp_1951",
  "Gadag|Karnataka": "KA_gadag_1951",
  "Gajapati|Odisha": "OD_gajapa_1951",
  "Ganderbal|Jammu & Kashmir": "JK_gander_2011",
  "Gandhinagar|Gujarat": "GU_gandhi_1951",
  "Ganganagar|Rajasthan": "RA_gangan_1951",
  "Ganjam|Odisha": "OD_ganjam_1951",
  "Garhchiroli|Maharashtra": "MA_garhch_1951",
  "Garhwal|Uttarakhand": "UT_garhwa_1951",
  "Garhwa|Jharkhand": "JH_garhwa_1951",
  "Gautam Buddha Nagar|Uttar Pradesh": "UT_gautam_1951",
  "Gaya|Bihar": "BI_gaya_1951",
  "Ghaziabad|Uttar Pradesh": "UT_ghazia_1951",
  "Ghazipur|Uttar Pradesh": "UT_ghazip_1951",
  "Giridih|Jharkhand": "JH_giridi_1951",
  "Goalpara|Assam": "AS_goalpa_1951",
  "Godda|Jharkhand": "JH_godda_1951",
  "Golaghat|Assam": "AS_golagh_1951",
  "Gonda|Uttar Pradesh": "UT_gonda_1951",
  "Gondiya|Maharashtra": "MA_gondia_1951",
  "Gopalganj|Bihar": "BI_gopalg_1951",
  "Gorakhpur|Uttar Pradesh": "UT_gorakh_1951",
  "Gulbarga|Karnataka": "KA_kalabu_1951",
  "Gumla|Jharkhand": "JH_gumla_1951",
  "Guna|Madhya Pradesh": "MP_guna_1961",
  "Guntur|Andhra Pradesh": "AP_guntur_1951",
  "Gurdaspur|Punjab": "PU_gurdas_1951",
  "Gurgaon|Haryana": "HA_guruga_1951",
  "Gwalior|Madhya Pradesh": "MP_gwalio_1961",
  "Hailakandi|Assam": "AS_hailak_1951",
  "Hamirpur|Himachal Pradesh": "HI_hamirp_1951",
  "Hamirpur|Uttar Pradesh": "UT_hamirp_1951",
  "Hanumangarh|Rajasthan": "RA_hanuma_1951",
  "Haora|West Bengal": "WE_haora_1951",
  "Harda|Madhya Pradesh": "MP_harda_2001",
  "Hardoi|Uttar Pradesh": "UT_hardoi_1951",
  "Hardwar|Uttarakhand": "UT_hardwa_1991",
  "Hassan|Karnataka": "KA_hassan_1951",
  "Haveri|Karnataka": "KA_haveri_1951",
  "Hazaribagh|Jharkhand": "JH_hazari_1951",
  "Hingoli|Maharashtra": "MA_hingol_1951",
  "Hisar|Haryana": "HA_hisar_1951",
  "Hoshangabad|Madhya Pradesh": "MP_narmad_1951",
  "Hoshiarpur|Punjab": "PU_hoshia_1951",
  "Hugli|West Bengal": "WE_hugli_1981",
  "Hyderabad|Andhra Pradesh": "AN_hydera_1951",
  "Idukki|Kerala": "KL_idukki_1981",
  "Imphal East|Manipur": "MN_imphal_1991",
  "Imphal West|Manipur": "MN_imphal_1991",
  "Indore|Madhya Pradesh": "MA_indore_1951",
  "Jabalpur|Madhya Pradesh": "MP_jabalp_1991",
  "Jagatsinghapur|Odisha": "OD_jagats_1951",
  "Jaintia Hills|Meghalaya": "ML_jainti_1981",
  "Jaipur|Rajasthan": "RA_jaipur_1951",
  "Jaisalmer|Rajasthan": "RA_jaisal_1951",
  "Jajapur|Odisha": "OD_jajapu_1951",
  "Jalandhar|Punjab": "PU_jaland_1951",
  "Jalaun|Uttar Pradesh": "UT_jalaun_1951",
  "Jalgaon|Maharashtra": "MA_jalna_1951",
  "Jalna|Maharashtra": "MA_jalna_1951",
  "Jalor|Rajasthan": "RA_jalor_1951",
  "Jalpaiguri|West Bengal": "WE_jalpai_1951",
  "Jammu|Jammu & Kashmir": "JK_jammu_1961",
  "Jamnagar|Gujarat": "GU_bhavna_1951",
  "Jamtara|Jharkhand": "JH_jamtar_1951",
  "Jamui|Bihar": "BI_jamui_1951",
  "Janjgir-champa|Chhattisgarh": "CH_janjgi_1951",
  "Jashpur|Chhattisgarh": "CH_jashpu_1951",
  "Jaunpur|Uttar Pradesh": "UT_jaunpu_1951",
  "Jehanabad|Bihar": "BI_jehana_1951",
  "Jhabua|Madhya Pradesh": "MP_jhabua_2001",
  "Jhajjar|Haryana": "HA_jhajja_1951",
  "Jhalawar|Rajasthan": "RA_jhalaw_1951",
  "Jhansi|Uttar Pradesh": "UT_jhansi_1951",
  "Jharsuguda|Odisha": "OD_jharsu_1951",
  "Jhunjhunun|Rajasthan": "RA_jhunjh_1951",
  "Jind|Haryana": "HA_jind_1951",
  "Jodhpur|Rajasthan": "RA_jodhpu_1951",
  "Jorhat|Assam": "AS_jorhat_1951",
  "Junagadh|Gujarat": "GU_junaga_1951",
  "Jyotiba Phule Nagar|Uttar Pradesh": "UT_amroha_1951",
  "Kabeerdham|Chhattisgarh": "CH_kabeer_2011",
  "Kachchh|Gujarat": "GU_kachch_1951",
  "Kaimur (bhabua)|Bihar": "BI_kaimur_1951",
  "Kaithal|Haryana": "HA_kaitha_1951",
  "Kalahandi|Odisha": "OD_kalaha_1951",
  "Kamrup Metropolitan|Assam": "AS_kamrup_1951",
  "Kamrup|Assam": "AS_kamrup_1951",
  "Kancheepuram|Tamil Nadu": "TA_kanche_1951",
  "Kandhamal|Odisha": "OD_kandha_1951",
  "Kangra|Himachal Pradesh": "HI_kangra_1951",
  "Kannauj|Uttar Pradesh": "UT_kannau_1951",
  "Kanniyakumari|Tamil Nadu": "TA_kanniy_1951",
  "Kannur|Kerala": "KL_kannur_1951",
  "Kanpur Dehat|Uttar Pradesh": "UT_kanpur_1951",
  "Kanpur Nagar|Uttar Pradesh": "UT_kansir_1951",
  "Kansiram Nagar|Uttar Pradesh": "UT_kansir_1951",
  "Kapurthala|Punjab": "PU_kapurt_1951",
  "Karaikal|Puducherry": "PB_karaik_1951",
  "Karauli|Rajasthan": "RA_karaul_1951",
  "Karbi Anglong|Assam": "AS_karbia_1951",
  "Kargil|Jammu & Kashmir": "JK_kargil_1981",
  "Karimganj|Assam": "AS_karimg_1951",
  "Karimnagar|Andhra Pradesh": "AN_karimn_1951",
  "Karnal|Haryana": "HA_karnal_1951",
  "Karur|Tamil Nadu": "TA_karur_1951",
  "Kasaragod|Kerala": "KL_kasara_1951",
  "Kathua|Jammu & Kashmir": "JK_kathua_1961",
  "Katihar|Bihar": "BI_katiha_1951",
  "Katni|Madhya Pradesh": "MP_katni_2001",
  "Kaushambi|Uttar Pradesh": "UT_kausha_1951",
  "Kendrapara|Odisha": "OD_kendra_1951",
  "Kendujhar|Odisha": "OD_kenduj_1951",
  "Khagaria|Bihar": "BI_khagar_1951",
  "Khammam|Andhra Pradesh": "AN_khamma_1951",
  "Kheda|Gujarat": "GU_kheda_1951",
  "Kheri|Uttar Pradesh": "UT_kheri_1951",
  "Khordha|Odisha": "OD_khordh_1951",
  "Khunti|Jharkhand": "JH_khunti_1951",
  "Kinnaur|Himachal Pradesh": "HI_kinnau_1951",
  "Kiphire|Nagaland": "NL_kiphir_2011",
  "Kishanganj|Bihar": "BI_kishan_1951",
  "Kishtwar|Jammu & Kashmir": "JK_kishtw_2011",
  "Koch Bihar|West Bengal": "WE_kochbi_1951",
  "Kodagu|Karnataka": "KA_kodagu_1951",
  "Kodarma|Jharkhand": "JH_kodarm_2001",
  "Kohima|Nagaland": "NL_kohima_1951",
  "Kokrajhar|Assam": "AS_kokraj_1951",
  "Kolar|Karnataka": "KA_kolar_1951",
  "Kolasib|Mizoram": "MI_kolasi_1951",
  "Kolhapur|Maharashtra": "MA_kolhap_1951",
  "Kolkata|West Bengal": "WE_kolkat_1951",
  "Kollam|Kerala": "KL_kollam_1951",
  "Koppal|Karnataka": "KA_koppal_1951",
  "Koraput|Odisha": "OD_korapu_1951",
  "Korba|Chhattisgarh": "CH_korba_1951",
  "Koriya|Chhattisgarh": "CH_koriya_2001",
  "Kota|Rajasthan": "RA_kota_1951",
  "Kottayam|Kerala": "KL_kottay_1951",
  "Kozhikode|Kerala": "KL_kozhik_1961",
  "Krishnagiri|Tamil Nadu": "TA_krishn_1951",
  "Krishna|Andhra Pradesh": "AP_krishn_2011",
  "Kulgam|Jammu & Kashmir": "JK_kulgam_2011",
  "Kullu|Himachal Pradesh": "HI_kullu_1951",
  "Kupwara|Jammu & Kashmir": "JK_kupwar_1981",
  "Kurnool|Andhra Pradesh": "AP_kurnoo_1951",
  "Kurukshetra|Haryana": "HA_kuruks_1951",
  "Kurung Kumey|Arunanchal Pradesh": "AR_kurung_1951",
  "Kushinagar|Uttar Pradesh": "UT_kushin_1951",
  "Lahul & Spiti|Himachal Pradesh": "HI_lahuls_1951",
  "Lakhimpur|Assam": "AS_lakhim_1951",
  "Lakhisarai|Bihar": "BI_lakhis_1951",
  "Lakshadweep|Lakshadweep": "LD_laksha_1951",
  "Lalitpur|Uttar Pradesh": "UT_lalitp_1951",
  "Latehar|Jharkhand": "JH_lateha_1951",
  "Latur|Maharashtra": "MA_latur_1951",
  "Lawangtlai|Mizoram": "MI_lawang_1951",
  "Leh (ladakh)|Jammu & Kashmir": "JK_lehlad_2001",
  "Lohardaga|Jharkhand": "JH_lohard_1951",
  "Lohit|Arunanchal Pradesh": "AR_lohit_1951",
  "Longleng|Nagaland": "NL_longle_2011",
  "Lower Dibang Valley|Arunanchal Pradesh": "AR_lowerd_1951",
  "Lower Subansiri|Arunanchal Pradesh": "AR_lowers_1951",
  "Lucknow|Uttar Pradesh": "UT_luckno_1951",
  "Ludhiana|Punjab": "PU_ludhia_1951",
  "Lunglei|Mizoram": "MI_lungle_1951",
  "Madhepura|Bihar": "BI_madhep_1951",
  "Madhubani|Bihar": "BI_madhub_1951",
  "Madurai|Tamil Nadu": "TA_madura_1951",
  "Mahamaya Nagar|Uttar Pradesh": "UT_mahama_1951",
  "Maharajganj|Uttar Pradesh": "UT_mahara_1951",
  "Mahasamund|Chhattisgarh": "CH_mahasa_1951",
  "Mahbubnagar|Andhra Pradesh": "AN_mahbub_1951",
  "Mahendragarh|Haryana": "HA_mahend_1951",
  "Mahesana|Gujarat": "GU_mahesa_1951",
  "Mahe|Puducherry": "PB_mahe_1951",
  "Mahoba|Uttar Pradesh": "UT_mahoba_1951",
  "Mainpuri|Uttar Pradesh": "UT_mainpu_1951",
  "Malappuram|Kerala": "KL_malapp_1951",
  "Maldah|West Bengal": "WE_maldah_1981",
  "Malkangiri|Odisha": "OD_malkan_1951",
  "Mamit|Mizoram": "MI_mamit_1951",
  "Mandi|Himachal Pradesh": "HI_mandi_1951",
  "Mandla|Madhya Pradesh": "MP_mandla_1991",
  "Mandsaur|Madhya Pradesh": "MP_mandsa_1991",
  "Mandya|Karnataka": "KA_mandya_1951",
  "Mansa|Punjab": "PU_mansa_1951",
  "Marigaon|Assam": "AS_mariga_1951",
  "Mathura|Uttar Pradesh": "UT_mathur_1951",
  "Mau|Uttar Pradesh": "UT_mau_1951",
  "Mayurbhanj|Odisha": "OD_mayurb_1951",
  "Medak|Andhra Pradesh": "AN_medak_1951",
  "Meerut|Uttar Pradesh": "UT_meerut_1951",
  "Mewat|Haryana": "HA_nuh_2011",
  "Mirzapur|Uttar Pradesh": "UT_mirzap_1951",
  "Moga|Punjab": "PU_moga_1951",
  "Mokokchung|Nagaland": "NL_mokokc_1961",
  "Mon|Nagaland": "NL_mon_1981",
  "Moradabad|Uttar Pradesh": "UT_morada_1951",
  "Morena|Madhya Pradesh": "MP_morena_1991",
  "Muktsar|Punjab": "PU_srimuk_2001",
  "Mumbai Suburban|Maharashtra": "MA_mumbai_1951",
  "Mumbai|Maharashtra": "MA_mumbai_1951",
  "Munger|Bihar": "BI_munger_1951",
  "Murshidabad|West Bengal": "WE_murshi_1951",
  "Muzaffarnagar|Uttar Pradesh": "UT_muzaff_1951",
  "Muzaffarpur|Bihar": "BI_muzaff_1951",
  "Mysore|Karnataka": "KA_mysuru_1951",
  "Nabarangapur|Odisha": "OD_nabara_1951",
  "Nadia|West Bengal": "WE_nadia_1951",
  "Nagaon|Assam": "AS_nagaon_1951",
  "Nagappattinam|Tamil Nadu": "TA_nagapp_1951",
  "Nagaur|Rajasthan": "RA_nagaur_1951",
  "Nagpur|Maharashtra": "MA_nagpur_1951",
  "Nainital|Uttarakhand": "UT_nainit_1951",
  "Nalanda|Bihar": "BI_naland_1951",
  "Nalbari|Assam": "AS_nalbar_1951",
  "Nalgonda|Andhra Pradesh": "AN_nalgon_1951",
  "Namakkal|Tamil Nadu": "TA_namakk_1951",
  "Nanded|Maharashtra": "MA_nanded_1951",
  "Nandurbar|Maharashtra": "MA_nandur_1951",
  "Narayanpur|Chhattisgarh": "CH_naraya_1951",
  "Narmada|Gujarat": "GU_narmad_1951",
  "Narsimhapur|Madhya Pradesh": "MP_narsin_1961",
  "Nashik|Maharashtra": "MA_nashik_1951",
  "Navsari|Gujarat": "GU_navsar_1951",
  "Nawada|Bihar": "BI_nawada_1951",
  "Nayagarh|Odisha": "OD_nayaga_1951",
  "Neemuch|Madhya Pradesh": "MP_neemuc_2001",
  "New Delhi|NCT of Delhi": "DL_newdel_2024",
  "Nizamabad|Andhra Pradesh": "AN_nizama_1951",
  "North 24 Parganas|West Bengal": "WE_north2_1951",
  "North East|NCT of Delhi": "DL_northe_2001",
  "North Goa|Goa": "GA_northg_1991",
  "North Tripura|Tripura": "TR_northt_1951",
  "North West|NCT of Delhi": "DL_northw_2001",
  "North|NCT of Delhi": "DL_north_2024",
  "North|Sikkim": "SK_northd_1981",
  "Nuapada|Odisha": "OD_nuapad_1951",
  "Osmanabad|Maharashtra": "MA_dharas_1981",
  "Pakur|Jharkhand": "JH_pakur_1951",
  "Palakkad|Kerala": "KL_palakk_1991",
  "Palamu|Jharkhand": "JH_palamu_1951",
  "Pali|Rajasthan": "RA_pali_1951",
  "Palwal|Haryana": "HA_palwal_1951",
  "Panch Mahals|Gujarat": "GU_panchm_1951",
  "Panchkula|Haryana": "HA_panchk_1951",
  "Panipat|Haryana": "HA_panipa_1951",
  "Panna|Madhya Pradesh": "MA_panna_1951",
  "Papum Pare|Arunanchal Pradesh": "AR_papump_1951",
  "Parbhani|Maharashtra": "MA_parbha_1951",
  "Pashchim Champaran|Bihar": "BI_pashch_1951",
  "Pashchim Medinipur|West Bengal": "WE_purbam_1951",
  "Pashchimi Singhbhum|Jharkhand": "JH_psingh_1981",
  "Patan|Gujarat": "GU_patan_1951",
  "Pathanamthitta|Kerala": "KL_pathan_1991",
  "Patiala|Punjab": "PU_patial_1951",
  "Patna|Bihar": "BI_patna_1951",
  "Perambalur|Tamil Nadu": "TA_peramb_1951",
  "Peren|Nagaland": "NL_peren_2011",
  "Phek|Nagaland": "NL_phek_1981",
  "Pilibhit|Uttar Pradesh": "UT_pilibh_1951",
  "Pithoragarh|Uttarakhand": "UT_pithor_1951",
  "Porbandar|Gujarat": "GU_porban_1951",
  "Prakasam|Andhra Pradesh": "AP_prakas_1981",
  "Pratapgarh|Rajasthan": "RA_pratap_1951",
  "Pratapgarh|Uttar Pradesh": "UT_pratap_1951",
  "Puducherry|Puducherry": "PB_puduch_1951",
  "Pudukkottai|Tamil Nadu": "TA_pudukk_1951",
  "Pulwama|Jammu & Kashmir": "JK_pulwam_1981",
  "Punch|Jammu & Kashmir": "JK_punch_1971",
  "Pune|Maharashtra": "MA_pune_1951",
  "Purba Champaran|Bihar": "BI_purbac_1981",
  "Purba Medinipur|West Bengal": "WE_purbam_1951",
  "Purbi Singhbhum|Jharkhand": "JH_purbis_1991",
  "Puri|Odisha": "OD_puri_1951",
  "Purnia|Bihar": "BI_purnia_1951",
  "Puruliya|West Bengal": "WE_puruli_1951",
  "Rae Bareli|Uttar Pradesh": "UT_raebar_1951",
  "Raichur|Karnataka": "KA_raichu_1951",
  "Raigarh|Chhattisgarh": "CH_raigar_1951",
  "Raigarh|Maharashtra": "MA_raigar_1981",
  "Raipur|Chhattisgarh": "CH_raipur_1951",
  "Raisen|Madhya Pradesh": "MA_raisen_1951",
  "Rajgarh|Madhya Pradesh": "MA_rajgar_1951",
  "Rajkot|Gujarat": "GU_rajkot_1951",
  "Rajnandgaon|Chhattisgarh": "CH_rajnan_1951",
  "Rajouri|Jammu & Kashmir": "JK_rajour_2011",
  "Rajsamand|Rajasthan": "RA_rajsam_1951",
  "Ramanagara|Karnataka": "KA_ramana_1951",
  "Ramanathapuram|Tamil Nadu": "TA_ramana_1951",
  "Ramban|Jammu & Kashmir": "JK_ramban_2011",
  "Ramgarh|Jharkhand": "JH_ramgar_1951",
  "Rampur|Uttar Pradesh": "UT_rampur_1951",
  "Ranchi|Jharkhand": "JH_ranchi_1951",
  "Rangareddy|Andhra Pradesh": "AN_rangar_1951",
  "Ratlam|Madhya Pradesh": "MA_ratlam_1951",
  "Ratnagiri|Maharashtra": "MA_ratnag_1951",
  "Rayagada|Odisha": "OD_rayaga_1951",
  "Reasi|Jammu & Kashmir": "JK_reasi_2011",
  "Rewari|Haryana": "HA_rewari_1951",
  "Rewa|Madhya Pradesh": "MA_rewa_1951",
  "Ri Bhoi|Meghalaya": "ML_ribhoi_2001",
  "Rohtak|Haryana": "HA_rohtak_1951",
  "Rohtas|Bihar": "BI_rohtas_1951",
  "Rudraprayag|Uttarakhand": "UT_rudrap_1951",
  "Rupnagar|Punjab": "PU_rupnag_1951",
  "Sabar Kantha|Gujarat": "GU_sabark_1951",
  "Sagar|Madhya Pradesh": "MP_sagar_1951",
  "Saharanpur|Uttar Pradesh": "UT_sahara_1951",
  "Saharsa|Bihar": "BI_sahars_1951",
  "Sahibganj|Jharkhand": "JH_sahibg_1991",
  "Sahibzada Ajit Singh Nagar|Punjab": "PU_mohali_2011",
  "Saiha|Mizoram": "MI_saiha_1951",
  "Salem|Tamil Nadu": "TA_salem_1951",
  "Samastipur|Bihar": "BI_samast_1951",
  "Sambalpur|Odisha": "OD_sambal_1951",
  "Samba|Jammu & Kashmir": "JK_samba_2011",
  "Sangli|Maharashtra": "MA_sangli_1951",
  "Sangrur|Punjab": "PU_sangru_1951",
  "Sant Kabir Nagar|Uttar Pradesh": "UT_santka_1951",
  "Sant Ravi Das Nagar(bhadohi)|Uttar Pradesh": "UT_bhadoh_2001",
  "Saraikela-kharsawan|Jharkhand": "JH_saraik_1951",
  "Saran (chhapra)|Bihar": "BI_saranc_1951",
  "Satara|Maharashtra": "MA_satara_1951",
  "Satna|Madhya Pradesh": "MA_satna_1951",
  "Sawai Madhopur|Rajasthan": "RA_sawaim_1951",
  "Sehore|Madhya Pradesh": "MP_sehore_1971",
  "Senapati|Manipur": "MN_senapa_1991",
  "Seoni|Madhya Pradesh": "MP_seoni_1961",
  "Serchhip|Mizoram": "MI_serchh_1951",
  "Shahdol|Madhya Pradesh": "MP_shahdo_1991",
  "Shahid Bhagat Singh Nagar|Punjab": "PU_shahid_1951",
  "Shahjahanpur|Uttar Pradesh": "UT_shahja_1951",
  "Shajapur|Madhya Pradesh": "MP_shajap_2011",
  "Sheikhpura|Bihar": "BI_sheikh_1951",
  "Sheohar|Bihar": "BI_sheoha_1951",
  "Sheopur|Madhya Pradesh": "MP_sheopu_2001",
  "Shimla|Himachal Pradesh": "HI_shimla_1951",
  "Shimoga|Karnataka": "KA_shivam_1951",
  "Shivpuri|Madhya Pradesh": "MA_shivpu_1951",
  "Shrawasti|Uttar Pradesh": "UT_shrawa_2001",
  "Shupiyan|Jammu & Kashmir": "JK_shupiy_2011",
  "Siddharth Nagar|Uttar Pradesh": "UT_siddha_1951",
  "Sidhi|Madhya Pradesh": "MP_sidhi_2001",
  "Sikar|Rajasthan": "RA_sikar_1951",
  "Simdega|Jharkhand": "JH_simdeg_1951",
  "Sindhudurg|Maharashtra": "MA_sindhu_1951",
  "Singrauli|Madhya Pradesh": "MP_singra_2011",
  "Sirmaur|Himachal Pradesh": "HI_sirmau_1951",
  "Sirohi|Rajasthan": "RA_sirohi_1951",
  "Sirsa|Haryana": "HA_sirsa_1951",
  "Sitamarhi|Bihar": "BI_sitama_1951",
  "Sitapur|Uttar Pradesh": "UT_sitapu_1951",
  "Sivaganga|Tamil Nadu": "TA_sivaga_1951",
  "Sivasagar|Assam": "AS_sivasa_1951",
  "Siwan|Bihar": "BI_siwan_1951",
  "Solan|Himachal Pradesh": "HI_solan_1951",
  "Solapur|Maharashtra": "MA_solapu_1951",
  "Sonbhadra|Uttar Pradesh": "UT_sonbha_1951",
  "Sonipat|Haryana": "HA_sonipa_1951",
  "Sonitpur|Assam": "AS_sonitp_1951",
  "South 24 Parganas|West Bengal": "WE_south2_1951",
  "South Garo Hills|Meghalaya": "ML_southg_2001",
  "South Goa|Goa": "GA_southg_1991",
  "South Tripura|Tripura": "TR_southt_1951",
  "South West|NCT of Delhi": "DL_southw_2001",
  "South|NCT of Delhi": "DL_south_2001",
  "South|Sikkim": "SK_south_2001",
  "Sri Potti Sriramulu Nellore|Andhra Pradesh": "AN_sripot_1951",
  "Srikakulam|Andhra Pradesh": "AP_srikak_1971",
  "Srinagar|Jammu & Kashmir": "JK_srinag_1961",
  "Subarnapur|Odisha": "OD_subarn_2011",
  "Sultanpur|Uttar Pradesh": "UT_sultan_1951",
  "Sundargarh|Odisha": "OD_sundar_1951",
  "Supaul|Bihar": "BI_supaul_1951",
  "Surat|Gujarat": "GU_surat_1951",
  "Surendranagar|Gujarat": "GU_surend_1951",
  "Surguja|Chhattisgarh": "CH_surguj_1951",
  "Tamenglong|Manipur": "MN_tameng_1991",
  "Tapi|Gujarat": "GU_tapi_1951",
  "Tarn Taran|Punjab": "PU_tarnta_1951",
  "Tawang|Arunanchal Pradesh": "AR_tawang_1951",
  "Tehri Garhwal|Uttarakhand": "UT_tehrig_1951",
  "Thane|Maharashtra": "MA_thane_1951",
  "Thanjavur|Tamil Nadu": "TA_thanja_1951",
  "The Dangs|Gujarat": "GU_thedan_1971",
  "The Nilgiris|Tamil Nadu": "TA_thenil_1951",
  "Theni|Tamil Nadu": "TA_theni_1951",
  "Thiruvallur|Tamil Nadu": "TA_thiruv_1951",
  "Thiruvananthapuram|Kerala": "KL_thiruv_1951",
  "Thiruvarur|Tamil Nadu": "TA_thiruv_1951",
  "Thoothukkudi|Tamil Nadu": "TA_thooth_1951",
  "Thoubal|Manipur": "MN_thouba_1991",
  "Thrissur|Kerala": "KL_thriss_1951",
  "Tikamgarh|Madhya Pradesh": "MP_tikamg_2011",
  "Tinsukia|Assam": "AS_tinsuk_1951",
  "Tirap|Arunanchal Pradesh": "AR_tirap_1951",
  "Tiruchirappalli|Tamil Nadu": "TA_tiruch_1951",
  "Tirunelveli|Tamil Nadu": "TA_tirune_1951",
  "Tiruppur|Tamil Nadu": "TA_tirupp_1951",
  "Tiruvannamalai|Tamil Nadu": "TA_tiruva_1951",
  "Tonk|Rajasthan": "RA_tonk_1951",
  "Tuensang|Nagaland": "NL_tuensa_1951",
  "Tumkur|Karnataka": "KA_tumaku_1951",
  "Udaipur|Rajasthan": "RA_udaipu_1951",
  "Udalguri|Assam": "AS_udalgu_1951",
  "Udham Singh Nagar|Uttarakhand": "UT_udhams_1951",
  "Udhampur|Jammu & Kashmir": "JK_udhamp_1961",
  "Udupi|Karnataka": "KA_udupi_1951",
  "Ujjain|Madhya Pradesh": "MA_ujjain_1951",
  "Ukhrul|Manipur": "MN_ukhrul_1991",
  "Umaria|Madhya Pradesh": "MP_umaria_2001",
  "Una|Himachal Pradesh": "HI_una_1951",
  "Unnao|Uttar Pradesh": "UT_unnao_1951",
  "Upper Siang|Arunanchal Pradesh": "AR_uppers_1951",
  "Upper Subansiri|Arunanchal Pradesh": "AR_lowers_1951",
  "Uttar Bastar Kanker|Chhattisgarh": "CH_uttarb_2011",
  "Uttar Dinajpur|West Bengal": "WE_uttard_1951",
  "Uttara Kannada|Karnataka": "KA_uttara_1951",
  "Uttarkashi|Uttarakhand": "UT_uttark_1951",
  "Vadodara|Gujarat": "GU_baroda_1961",
  "Vaishali|Bihar": "BI_vaisha_1951",
  "Valsad|Gujarat": "GU_valsad_1951",
  "Varanasi|Uttar Pradesh": "UT_varana_1951",
  "Vellore|Tamil Nadu": "TA_vellor_1951",
  "Vidisha|Madhya Pradesh": "MP_vidish_1961",
  "Viluppuram|Tamil Nadu": "TA_vilupp_2001",
  "Virudunagar|Tamil Nadu": "TA_virudu_1951",
  "Visakhapatnam|Andhra Pradesh": "AP_visakh_1961",
  "Vizianagaram|Andhra Pradesh": "AP_vizian_1981",
  "Warangal|Andhra Pradesh": "AN_warang_1951",
  "Wardha|Maharashtra": "MA_wardha_1951",
  "Washim|Maharashtra": "MA_washim_1951",
  "Wayanad|Kerala": "KL_wayana_1981",
  "West Garo Hills|Meghalaya": "ML_westga_1981",
  "West Godavari|Andhra Pradesh": "AP_westgo_2011",
  "West Kameng|Arunanchal Pradesh": "AR_westka_1951",
  "West Khasi Hills|Meghalaya": "ML_westkh_1981",
  "West Nimar|Madhya Pradesh": "MA_westni_1951",
  "West Siang|Arunanchal Pradesh": "AR_westsi_1951",
  "West Tripura|Tripura": "TR_westtr_1951",
  "West|NCT of Delhi": "NC_west_2001",
  "West|Sikkim": "SK_west_2001",
  "Wokha|Nagaland": "NL_wokha_1981",
  "Y.s.r.|Andhra Pradesh": "AP_ysr_2011",
  "Yadgir|Karnataka": "KA_yadgir_2011",
  "Yamunanagar|Haryana": "HA_yamuna_1951",
  "Yanam|Puducherry": "PB_yanam_1951",
  "Yavatmal|Maharashtra": "MA_yavatma_1981",
  "Zunheboto|Nagaland": "NL_zunheb_1981"
}